f1_RMSE,f1_nRMSE,f1_MAE,f1_nMAE,f1_R2,f1_Coverage,f1_Coverage_error,f1_ECE,f1_MPIW,f1_nMPIW,f1_IntervalScore,f1_nIntervalScore,f1_NLL,f2_RMSE,f2_nRMSE,f2_MAE,f2_nMAE,f2_R2,f2_Coverage,f2_Coverage_error,f2_ECE,f2_MPIW,f2_nMPIW,f2_IntervalScore,f2_nIntervalScore,f2_NLL,RMSE_mean,nRMSE_mean,MAE_mean,nMAE_mean,R2_mean,Coverage_mean,Coverage_error_mean,ECE,MPIW_mean,nMPIW_mean,IntervalScore_mean,nIntervalScore_mean,NLL_mean,GD,IGD,Hausdorff,Recall,HV_pred,HV_gt,HV_ratio,method,seed,n_train,n_candidates,n_pareto_x,actual_best_family,actual_best_kernel,actual_bags,use_model_selection,use_bagging,calibration_type,total_time_sec
0.10361492274573826,0.054266096751384746,0.07511294437291671,0.03933879598235507,0.9478281404431328,0.8594,0.04059999999999997,0.04660000000000002,0.2553331163288785,0.13372525141515293,0.372806767280309,0.1952495602631362,-1.075047763727237,0.09247777912383595,0.04745379981784481,0.06579922867184292,0.033764039914724014,0.9594688799410034,0.8934,0.00660000000000005,0.0036666666666666545,0.25053073189740155,0.12855666855664324,0.3440261337374178,0.17653264856870582,-1.1798877966756218,0.09804635093478711,0.05085994828461478,0.07045608652237981,0.03655141794853954,0.9536485101920681,0.8764000000000001,0.02360000000000001,0.025133333333333337,0.25293192411314,0.1311409599858981,0.3584164505088634,0.185891104415921,-1.1274677802014295,0.03225668837352932,0.03948357531009279,0.11887126276880298,0.029,3.7042489335134707,3.7643588103447865,0.9840318418459174,Vanilla GP,0,50,30000,57,IND,"[RBF, RBF]",1,False,False,none,15.935054063796997
0.10382871491396,0.052532993918248484,0.0743745218687196,0.03763040222774409,0.9472044769869751,0.8302,0.06979999999999997,0.06951111111111113,0.2339076135748739,0.11834748461967855,0.39043293508803384,0.19754276089673428,-1.0578841178318346,0.10356790590593079,0.05071956075657894,0.07449360172724537,0.036481212260998826,0.9482814557114494,0.8634,0.03660000000000008,0.021000000000000043,0.2711571197117659,0.13279181313457744,0.39022931568303687,0.19110417761812265,-1.0410956434183212,0.1036983104099454,0.05162627733741371,0.07443406179798248,0.03705580724437146,0.9477429663492123,0.8468,0.053200000000000025,0.04525555555555559,0.2525323666433199,0.125569648877128,0.3903311253855354,0.19432346925742847,-1.0494898806250779,0.03983632404138296,0.0491704061694385,0.1504941289683059,0.01,3.68578078232857,3.7643588103447865,0.9791257868933068,Vanilla GP,1,50,30000,66,IND,"[RBF, RBF]",1,False,False,none,13.231521844863892
0.09330619067604562,0.04812535507498031,0.06771518935580499,0.03492605911897199,0.9571468073664088,0.8832,0.016800000000000037,0.012133333333333331,0.263187612072005,0.13574659077313653,0.3787009699962433,0.1953259319264824,-1.0842127312633212,0.10076660460025488,0.05005869082111782,0.07381401907404775,0.03666922363564985,0.9505142522660353,0.8686,0.031399999999999983,0.011488888888888904,0.27474849117320593,0.1364891655104289,0.4040425769437671,0.20071969793993225,-1.0181152925728052,0.09703639763815025,0.04909202294804907,0.07076460421492636,0.035797641377310924,0.953830529816222,0.8759,0.02410000000000001,0.011811111111111118,0.26896805162260545,0.13611787814178272,0.3913717734700052,0.19802281493320734,-1.0511640119180632,0.029623305821556156,0.03781126371725446,0.11547334080854663,0.043,3.701713766173681,3.7643588103447865,0.9833583759337886,Vanilla GP,2,50,30000,68,IND,"[RBF, RBF]",1,False,False,none,12.717451333999634
0.11063412646017537,0.055967411098482196,0.0807514198396173,0.04085039630675662,0.9397771454043737,0.8354,0.06459999999999999,0.05046666666666669,0.26571894024470305,0.13442146326053928,0.45256584400433847,0.22894326959448588,-0.897293449174044,0.09776729640106407,0.05084580534999842,0.06353245460187498,0.03304130255216292,0.953444545881656,0.8658,0.03420000000000001,0.013933333333333353,0.21780047100336541,0.11327141857688278,0.3607636074514077,0.18762220944096672,-1.2468455156384994,0.10420071143061972,0.05340660822424031,0.07214193722074613,0.03694584942945977,0.9466108456430149,0.8506,0.0494,0.03220000000000002,0.24175970562403423,0.12384644091871103,0.40666472572787304,0.2082827395177263,-1.0720694824062718,0.028230763244576507,0.03520241603018037,0.0849012444061507,0.034,3.6978434632912247,3.7643588103447865,0.9823302319450117,Vanilla GP,3,50,30000,66,IND,"[RBF, RBF]",1,False,False,none,12.858218908309937
0.08174539286742336,0.042497055291968636,0.05952416056879967,0.030944882080423387,0.9669010266150921,0.8954,0.0046000000000000485,0.02595555555555559,0.22188487693892198,0.11535150242678434,0.29177951622291987,0.1516876951597692,-1.297967450950735,0.09176895145497,0.04560347735955225,0.0669321064615124,0.033261105779796005,0.9579895133990806,0.9092,0.009199999999999986,0.05715555555555554,0.2972633466006005,0.14772144697738118,0.38421676481745815,0.19093190297713086,-1.0511886518344997,0.08675717216119667,0.044050266325760444,0.06322813351515603,0.032102993930109694,0.9624452700070864,0.9023,0.006900000000000017,0.04155555555555557,0.25957411176976125,0.13153647470208277,0.337998140520189,0.17130979906845004,-1.1745780513926174,0.027645924446360028,0.03338105880160981,0.07160140419949937,0.029,3.702570871789797,3.7643588103447865,0.9835860656040082,Vanilla GP,4,50,30000,65,IND,"[RBF, RBF]",1,False,False,none,13.299815893173218
0.11715726123005916,0.05840824791075443,0.08538148296750277,0.04256657053770597,0.9326423255471544,0.7456,0.15439999999999998,0.11031111111111111,0.22991513384610066,0.11462319957912993,0.5583485138692923,0.2783622464051899,-0.6711118026445814,0.08575790227027152,0.045714562892174036,0.06118491271713177,0.03261555456014355,0.9644741833767523,0.9152,0.015199999999999991,0.01586666666666664,0.24799340555768504,0.13219668199768012,0.30477449819286273,0.162464712833796,-1.2852417810166994,0.10145758175016534,0.05206140540146423,0.07328319784231727,0.03759106254892476,0.9485582544619533,0.8304,0.08479999999999999,0.06308888888888887,0.23895426970189285,0.12340994078840503,0.4315615060310775,0.22041347961949295,-0.9781767918306403,0.03302204739612174,0.03676427899533817,0.1270318188740331,0.035,3.6802467059825883,3.7643588103447865,0.977655662331649,Vanilla GP,5,50,30000,59,IND,"[RBF, RBF]",1,False,False,none,15.451681137084961
0.10717868776424606,0.05340185867764345,0.07870869451288914,0.03921666395398122,0.9439096258877369,0.8484,0.05159999999999998,0.03933333333333335,0.27078839408427985,0.13492051315502926,0.42738362083199766,0.21294419811345633,-0.9424698766193816,0.07814256653094093,0.040545853687659054,0.05541445661770191,0.028752913424117316,0.9708620583565408,0.9208,0.02079999999999993,0.04308888888888887,0.24316864871820076,0.1261729795942909,0.3104340345595764,0.16107498772693205,-1.275560911957106,0.09266062714759349,0.04697385618265125,0.06706157556529553,0.033984788689049264,0.9573858421221388,0.8846,0.036199999999999954,0.041211111111111115,0.25697852140124033,0.13054674637466007,0.36890882769578703,0.1870095929201942,-1.109015394288244,0.04228602813941644,0.04244945350372008,0.09192835509569602,0.004,3.684781406566415,3.7643588103447865,0.9788603032312794,Vanilla GP,6,50,30000,70,IND,"[RBF, RBF]",1,False,False,none,18.682480335235596
0.08823597839309338,0.04557228173169044,0.06357997643271739,0.03283790412089808,0.961497858815155,0.833,0.06700000000000006,0.06811111111111112,0.20606258017938317,0.10642758350179923,0.33093829412288733,0.1709236237896554,-1.2031770047580175,0.10225373356858695,0.05404915580599481,0.06953105936152354,0.03675264393418073,0.9471474743020464,0.794,0.10599999999999998,0.09108888888888891,0.19912201539641014,0.10525167599230377,0.41189718772104406,0.21772012129271584,-1.1086231550426322,0.09524485598084018,0.04981071876884262,0.06655551789712047,0.0347952740275394,0.9543226665586007,0.8135,0.08650000000000002,0.07960000000000002,0.20259229778789667,0.1058396297470515,0.37141774092196567,0.1943218725411856,-1.155900079900325,0.030342549004470212,0.034265721745042325,0.07111747887517185,0.062,3.6951581262272413,3.7643588103447865,0.9816168735221633,Vanilla GP,7,50,30000,64,IND,"[RBF, RBF]",1,False,False,none,23.75916290283203
0.08998503739255408,0.044826150734637624,0.06378793315921076,0.03177603287946595,0.9599133671282061,0.922,0.02200000000000002,0.05946666666666664,0.28232784118304766,0.14064194150685919,0.34909858885384876,0.17390386689450646,-1.1649298990458032,0.0952790231001454,0.049436896492416386,0.06916108319599847,0.035885226359533874,0.9553497900087868,0.9328,0.03279999999999994,0.01637777777777775,0.2831686372625796,0.14692613499547297,0.3274512014126254,0.16990278262549324,-1.1713747696404366,0.09263203024634974,0.047131523613527,0.06647450817760461,0.03383062961949991,0.9576315785684965,0.9274,0.02739999999999998,0.0379222222222222,0.28274823922281367,0.1437840382511661,0.33827489513323705,0.17190332475999986,-1.16815233434312,0.03510366440460857,0.0407409764797809,0.12846651528841832,0.011,3.6939940036690775,3.7643588103447865,0.9813076249577161,Vanilla GP,8,50,30000,70,IND,"[RBF, RBF]",1,False,False,none,17.708234786987305
0.09577739299052314,0.04846118135062483,0.07031275192650817,0.03557665244353814,0.9541690908956365,0.8234,0.0766,0.07228888888888892,0.2265039962588938,0.11460586780044853,0.36715062516922137,0.18576986148580418,-1.0872163222050217,0.0814219884959358,0.03961265283158161,0.06054630134288773,0.02945641170937322,0.9669931000220782,0.9374,0.03739999999999999,0.029266666666666646,0.2650860499004486,0.1289671482995768,0.29989806524644,0.14590355950423908,-1.2418872017011504,0.08859969074322946,0.04403691709110322,0.06542952663469795,0.032516532076455676,0.9605810954588574,0.8804000000000001,0.056999999999999995,0.05077777777777778,0.24579502307967122,0.12178650805001268,0.3335243452078307,0.16583671049502163,-1.164551761953086,0.03258657084134507,0.034104461782420374,0.06563622681527112,0.045,3.7007332913076163,3.7643588103447865,0.9830979132851776,Vanilla GP,9,50,30000,79,IND,"[RBF, RBF]",1,False,False,none,13.88256549835205
0.12648152703395554,0.0656528089283294,0.09671445387206681,0.05020160421502428,0.9224575969700466,0.8114,0.08860000000000001,0.06460000000000003,0.31137879428962517,0.16162749585037978,0.5597424686851242,0.29054571214806907,-0.6230946341794634,0.08529668084309813,0.04237718163842828,0.06004289594113499,0.029830571157571747,0.9653615365457505,0.9466,0.046599999999999975,0.07426666666666663,0.2830654647830811,0.14063286517261217,0.31363244775249927,0.15581918399100253,-1.2444468207947061,0.10588910393852684,0.054014995283378844,0.0783786749066009,0.04001608768629801,0.9439095667578985,0.879,0.0676,0.06943333333333333,0.29722212953635313,0.15113018051149596,0.4366874582188117,0.2231824480695358,-0.9337707274870848,0.030044642998673,0.041004116434788455,0.12117548507653486,0.048,3.700414828356642,3.7643588103447865,0.9830133137645104,Vanilla GP,10,50,30000,90,IND,"[RBF, RBF]",1,False,False,none,63.41040062904358
0.11369596510733866,0.05868247447513494,0.07996004691250488,0.04127018410498362,0.936644050995262,0.7888,0.11120000000000008,0.07111111111111114,0.23598063912703302,0.12179788279315384,0.4737955035616878,0.24454247358684705,-0.9344824886281231,0.10788259030205888,0.05359833559366946,0.07627484115804231,0.03789494229139363,0.9440843876334218,0.8154,0.08460000000000001,0.07744444444444447,0.23073536923495572,0.11463417516170238,0.3995464569375108,0.19850306730899483,-1.0780336385550855,0.11078927770469876,0.056140405034402194,0.0781174440352736,0.039582563198188626,0.940364219314342,0.8021,0.09790000000000004,0.0742777777777778,0.23335800418099437,0.11821602897742811,0.43667098024959927,0.22152277044792096,-1.0062580635916043,0.026585559538310356,0.03489015238209835,0.10155574444502334,0.086,3.7100412814615593,3.7643588103447865,0.9855705761270834,Vanilla GP,11,50,30000,54,IND,"[RBF, RBF]",1,False,False,none,17.02436852455139
0.08540940836236069,0.04407547011248893,0.06327927739321415,0.03265523029560789,0.9648266408040806,0.8092,0.09079999999999999,0.06768888888888891,0.20403806811264988,0.10529371348358695,0.3638581016548821,0.18776873873937525,-1.0864825843553276,0.0849477328485303,0.04159791304035435,0.06189135853140928,0.030307475712502193,0.9651984545673327,0.8202,0.07979999999999998,0.07082222222222222,0.20045728908226515,0.09816159419366433,0.33193051275448027,0.16254249692126999,-1.1931502940053866,0.0851785706054455,0.04283669157642164,0.06258531796231172,0.031481353004055045,0.9650125476857067,0.8147,0.08529999999999999,0.06925555555555557,0.20224767859745751,0.10172765383862564,0.3478943072046812,0.17515561783032263,-1.1398164391803571,0.03324248315131124,0.041015375292128356,0.12793360986028837,0.015,3.6853048809612083,3.7643588103447865,0.9789993639375423,Vanilla GP,12,50,30000,71,IND,"[RBF, RBF]",1,False,False,none,17.93967914581299
0.09493570958189969,0.04803888913537723,0.07110389036965975,0.035979632127944236,0.9557736370280722,0.9514,0.0514,0.09953333333333331,0.3702440597105703,0.18734903247470064,0.41921878930224227,0.21213097823200047,-0.9521706072737223,0.09198030745040384,0.04685634852384581,0.0658812005317674,0.03356101516566866,0.958282867869104,0.9178,0.017799999999999927,0.008622222222222198,0.26474338141370685,0.13486482588233215,0.32193295342158645,0.16399817618533788,-1.218444928973402,0.09345800851615177,0.04744761882961152,0.06849254545071357,0.03477032364680645,0.957028252448588,0.9346,0.034599999999999964,0.05407777777777775,0.31749372056213854,0.16110692917851638,0.3705758713619144,0.18806457720866918,-1.0853077681235621,0.034359240494752356,0.036188531031403744,0.1480435399547527,0.03,3.6898427412174817,3.7643588103447865,0.9802048442025483,Vanilla GP,13,50,30000,69,IND,"[RBF, RBF]",1,False,False,none,18.02269721031189
0.0738831464747228,0.0381073606412447,0.05510960755284772,0.028424367261244338,0.9732363569366355,0.9054,0.00539999999999996,0.004666666666666674,0.2260502734707964,0.11659193882803497,0.27132381537227307,0.13994307194925804,-1.3367810129302629,0.09246789810407834,0.04595647093103471,0.06979226738694004,0.03468670071605583,0.9578528054791244,0.828,0.07200000000000006,0.05448888888888889,0.2321754900845498,0.11539103169577448,0.3830546628720188,0.1903778591296735,-1.024396269990353,0.08317552228940056,0.042031915786139705,0.06245093746989388,0.03155553398865008,0.96554458120788,0.8667,0.03870000000000001,0.029577777777777783,0.22911288177767308,0.11599148526190473,0.3271892391221459,0.16516046553946578,-1.180588641460308,0.033941376473786276,0.037783376712321896,0.08796269397107187,0.053,3.690974819667191,3.7643588103447865,0.9805055802659114,Vanilla GP,14,50,30000,71,IND,"[RBF, RBF]",1,False,False,none,13.171820163726807
0.08685495104462627,0.04515336617087392,0.06454336458940145,0.03355422045783045,0.9629403363675433,0.79,0.10999999999999999,0.0979777777777778,0.19527898897907417,0.10151987409813558,0.3603559231234557,0.18733857716731042,-1.0919818479972316,0.08692358212955019,0.04255980606297171,0.06496958434653959,0.03181061850004681,0.9626277250671919,0.7984,0.10160000000000002,0.08515555555555557,0.20216133374339726,0.09898288757505914,0.36175141410673967,0.17712190006668654,-1.0907546190977295,0.08688926658708823,0.043856586116922815,0.06475647446797052,0.03268241947893863,0.9627840307173676,0.7942,0.1058,0.09156666666666669,0.19872016136123571,0.10025138083659736,0.3610536686150977,0.1822302386169985,-1.0913682335474806,0.029151074849139896,0.031109788553892966,0.0951407434266581,0.04,3.7080193404507527,3.7643588103447865,0.9850334485277564,Vanilla GP,15,50,30000,61,IND,"[RBF, RBF]",1,False,False,none,13.669848442077637
0.07145636085728847,0.0356031834660376,0.050880723597345405,0.025351357323373465,0.9753649606312882,0.8978,0.0021999999999999797,0.033044444444444404,0.21852092875553517,0.10887821076125646,0.2933945648972234,0.14618405410872057,-1.3406092194291175,0.11528966479866228,0.05645069102266629,0.08373017399959708,0.04099783089819674,0.9355955688733665,0.819,0.08100000000000007,0.03708888888888891,0.27115845785007,0.1327706377584558,0.5308922027753736,0.25994725336006924,-0.7294528543283688,0.09337301282797537,0.046026937244351945,0.06730544879847124,0.033174594110785105,0.9554802647523273,0.8584,0.041600000000000026,0.035066666666666656,0.24483969330280259,0.12082442425985612,0.4121433838362985,0.2030656537343949,-1.0350310368787432,0.030317565789127192,0.03512204173795621,0.0956230657300959,0.039,3.6983219636882656,3.7643588103447865,0.9824573453316862,Vanilla GP,16,50,30000,70,IND,"[RBF, RBF]",1,False,False,none,14.744669198989868
0.08859572212300887,0.04415301610593383,0.06183030951597863,0.030814068517929956,0.9614381431257542,0.9004,0.00039999999999995595,0.02571111111111108,0.24579464953613805,0.12249547562413267,0.33287167802082784,0.16589162781987024,-1.2340215094279807,0.10716727049174062,0.05498867835529387,0.07616933675165578,0.039083305378162715,0.9435364603933052,0.7938,0.10620000000000007,0.08060000000000002,0.22081503282056747,0.1133025667264676,0.44502493323184605,0.22834707650278468,-0.9919768943274745,0.09788149630737475,0.04957084723061385,0.06899982313381721,0.034948686948046336,0.9524873017595297,0.8471,0.053300000000000014,0.05315555555555555,0.23330484117835276,0.11789902117530013,0.388948305626337,0.19711935216132748,-1.1129992018777277,0.03616759139198727,0.039886444080137085,0.09979799559748122,0.018,3.683780118835781,3.7643588103447865,0.9785943116557999,Vanilla GP,17,50,30000,69,IND,"[RBF, RBF]",1,False,False,none,13.308850288391113
0.09204931427161701,0.047781870869683,0.06839607659817999,0.03550371369811372,0.9589809245277954,0.8412,0.058800000000000074,0.03017777777777781,0.23763129625260926,0.12335200975678164,0.39896805959656356,0.2071002967878612,-1.0046495441165966,0.07577678691976172,0.036860947076604145,0.05731257582489466,0.027879195069887067,0.972386760646142,0.9066,0.006599999999999939,0.0093111111111111,0.23771890418821612,0.1156362562016336,0.2920840555855725,0.14208170275496215,-1.271922891797103,0.08391305059568938,0.04232140897314357,0.06285432621153733,0.031691454384000395,0.9656838425869687,0.8738999999999999,0.03270000000000001,0.019744444444444453,0.2376751002204127,0.11949413297920762,0.345526057591068,0.17459099977141168,-1.1382862179568498,0.037190586310634016,0.036348494716837404,0.09379326100830793,0.0,3.6914857124771343,3.7643588103447865,0.9806412986805692,Vanilla GP,18,50,30000,74,IND,"[RBF, RBF]",1,False,False,none,13.994818210601807
0.08543472969422863,0.04256410695621854,0.06068316025656078,0.030232723072290437,0.9634049634237425,0.9126,0.012599999999999945,0.02431111111111108,0.2467776643225582,0.12294614773435317,0.30458933604171645,0.15174827758457815,-1.278124178917339,0.09258884181274704,0.04505045564163706,0.06690408375158784,0.03255316081597558,0.9584315393220648,0.8944,0.005600000000000049,0.006555555555555582,0.2589121461393585,0.12597749282059148,0.3489986409440751,0.16981039491389444,-1.1490462371624963,0.08901178575348784,0.0438072812989278,0.0637936220040743,0.03139294194413301,0.9609182513729037,0.9035,0.009099999999999997,0.01543333333333333,0.25284490523095837,0.12446182027747232,0.32679398849289576,0.1607793362492363,-1.2135852080399177,0.032467041217657686,0.03435514130090083,0.12770797506412285,0.023,3.68566292699112,3.7643588103447865,0.9790944786829613,Vanilla GP,19,50,30000,65,IND,"[RBF, RBF]",1,False,False,none,14.203938007354736
