repeat,partition_seed,method,n_observations,V_RMSE,V_MAE,V_R2,V_NLL,V_CRPS,V_NRMSE,V_NMAE,V_normalized_NLL,V_normalized_CRPS,V_normalization_location,V_normalization_scale,TD_RMSE,TD_MAE,TD_R2,TD_NLL,TD_CRPS,TD_NRMSE,TD_NMAE,TD_normalized_NLL,TD_normalized_CRPS,TD_normalization_location,TD_normalization_scale,macro_NRMSE,macro_NMAE,macro_R2,macro_normalized_NLL,macro_normalized_CRPS,macro_raw_RMSE,macro_raw_MAE,macro_raw_NLL,macro_raw_CRPS,n_samples,n_targets
0,0,Single GP,50,0.8516319562206166,0.6840761909427449,0.8215396484295212,1.5203613123726705,0.4934955906608773,0.42244567883987033,0.33933089141401196,0.8192677228769517,0.24479480634614803,7.626792999999999,2.0159561308790925,0.7540368270055476,0.6108609110700902,0.6580082360673317,1.1780381971017295,0.42521106656318575,0.5848006189571523,0.4737591402652942,0.9238679549473616,0.32977659181592256,3.50061688,1.2893912943358141,0.5036231488985113,0.4065450158396531,0.7397739422484264,0.8715678389121566,0.2872856990810353,0.8028343916130821,0.6474685510064175,1.3491997547371999,0.4593533286120315,50,2
0,0,Model Selection,50,0.8193334714136644,0.6542380774009711,0.8348193238153083,1.3769638231551427,0.4738340051112852,0.4064242563931092,0.3245299177793514,0.6758702336594239,0.23504182350667605,7.626792999999999,2.0159561308790925,0.7831693399625539,0.6132740903191455,0.6310717711593171,1.2500239378878133,0.441748399358939,0.607394623651447,0.47563070497932314,0.995853695733445,0.3426022816343666,3.50061688,1.2893912943358141,0.5069094400222781,0.4000803113793373,0.7329455474873128,0.8358619646964345,0.28882205257052135,0.8012514056881092,0.6337560838600582,1.313493880521478,0.4577912022351121,50,2
0,0,Model Selection + Bagging,50,0.8601228470135264,0.7011932272301804,0.8179633590258164,1.3491988465440192,0.497354314735466,0.4266575218769541,0.3478216695739373,0.6481052570483006,0.24670889763785983,7.626792999999999,2.0159561308790925,0.770738488275426,0.6395982851128774,0.6426904479922354,1.169325294180047,0.4383608946486778,0.5977537553271955,0.49604669111896293,0.9151550520256793,0.3399750693015842,3.50061688,1.2893912943358141,0.5122056386020748,0.42193418034645014,0.7303269035090258,0.7816301545369899,0.293341983469722,0.8154306676444762,0.6703957561715289,1.2592620703620332,0.4678576046920719,50,2
1,1,Single GP,50,0.8707082387220216,0.6626510359883889,0.813455197527128,1.6609428216556277,0.4997613502209093,0.4319083264685598,0.3287031031272633,0.9598492321599084,0.24790288963429957,7.626792999999999,2.0159561308790925,0.8824554810092496,0.6790923485457361,0.5316008022941991,1.5178420058076305,0.49439958319346083,0.6843969591587917,0.5266766973911884,1.2636717636532624,0.3834364210192173,3.50061688,1.2893912943358141,0.5581526428136758,0.4276899002592258,0.6725279999106636,1.1117604979065854,0.31566965532675845,0.8765818598656356,0.6708716922670626,1.589392413731629,0.4970804667071851,50,2
1,1,Model Selection,50,0.8587743172312657,0.6854419689214762,0.8185337180048754,1.3452769882233826,0.4909068473063672,0.4259885937382885,0.3400083753918682,0.6441833987276638,0.2435106795167704,7.626792999999999,2.0159561308790925,0.8613846601067284,0.6578928043325181,0.5537021449991215,1.3694394052714451,0.48292736488106963,0.6680552784020786,0.5102351840148023,1.1152691631170777,0.37453903016293694,3.50061688,1.2893912943358141,0.5470219360701836,0.4251217797033352,0.6861179315019985,0.8797262809223707,0.30902485483985365,0.8600794886689971,0.6716673866269971,1.357358196747414,0.4869171060937184,50,2
1,1,Model Selection + Bagging,50,0.8606095862442631,0.7145159172229082,0.8177572734758549,1.2636816598785812,0.48692669384630805,0.4268989652413615,0.35443029055961217,0.5625880703828618,0.2415363540842406,7.626792999999999,2.0159561308790925,0.8480599231032023,0.6811086104351735,0.5674028906865309,1.255413685737051,0.4801962684187002,0.6577211485983017,0.5282404289739087,1.0012434435826838,0.37242090165193564,3.50061688,1.2893912943358141,0.5423100569198316,0.4413353597667604,0.6925800820811929,0.7819157569827728,0.3069786278680881,0.8543347546737328,0.6978122638290408,1.259547672807816,0.48356148113250413,50,2
2,2,Single GP,50,0.9210602118344698,0.7538944297143564,0.7912560537245361,2.415474207241702,0.5751960653633481,0.4568850471130171,0.37396370792335043,1.7143806177459822,0.2853217173493372,7.626792999999999,2.0159561308790925,0.7271201473517811,0.5544129053572886,0.6819884529392801,1.3295699839280066,0.4062368371975215,0.5639251254029385,0.42998033862395146,1.0753997417736392,0.3150609430838298,3.50061688,1.2893912943358141,0.5104050862579778,0.40197202327365095,0.7366222533319081,1.3948901797598108,0.3001913302165835,0.8240901795931255,0.6541536675358225,1.8725220955848543,0.49071645128043484,50,2
2,2,Model Selection,50,0.8837723544825469,0.7245293052977124,0.8078153620605311,1.9662221541545726,0.5361873154538619,0.4383886836352747,0.3593973570157843,1.2651285646588533,0.26597171795600927,7.626792999999999,2.0159561308790925,0.6964748243374925,0.5368961090963307,0.7082295012890948,1.206838959897181,0.38870163445429234,0.5401578461069553,0.41639501635761705,0.9526687177428128,0.3014613454905623,3.50061688,1.2893912943358141,0.489273264871115,0.3878961866867007,0.758022431674813,1.108898641200833,0.2837165317232858,0.7901235894100197,0.6307127071970215,1.5865305570258768,0.46244447495407714,50,2
2,2,Model Selection + Bagging,50,0.8497845760026764,0.7093139058686628,0.8223130495248339,1.3571467977273395,0.4953140871397767,0.4215292996639333,0.351849871633543,0.6560532082316197,0.24569685795880228,7.626792999999999,2.0159561308790925,0.741565307284025,0.6042039687325436,0.6692275418988669,1.1883591923513137,0.42602306501224546,0.5751282101419933,0.4685962836780115,0.934188950196946,0.33040634513644407,3.50061688,1.2893912943358141,0.49832875490296336,0.41022307765577726,0.7457702957118504,0.7951210792142829,0.28805160154762316,0.7956749416433507,0.6567589373006032,1.2727529950393266,0.4606685760760111,50,2
3,3,Single GP,50,1.0021208807011088,0.7862805357255866,0.7528969713722908,1.7877720252086906,0.5896924995527186,0.4970945872041952,0.390028594214853,1.0866784357129715,0.29251256538780585,7.626792999999999,2.0159561308790925,0.7931443450302791,0.6020803742619827,0.6216140543974039,1.2040566619153243,0.43769190018516974,0.6151308361662551,0.46694930926466655,0.9498864197609562,0.3394562241174677,3.50061688,1.2893912943358141,0.5561127116852251,0.42848895173975976,0.6872555128848474,1.0182824277369638,0.31598439475263673,0.897632612865694,0.6941804549937847,1.4959143435620075,0.5136921998689442,50,2
3,3,Model Selection,50,0.8728179287212791,0.7172252449007402,0.8125501217131944,1.4690695201890183,0.5035865557599396,0.4329548224547286,0.3557742323430331,0.767975930693299,0.2498003543064908,7.626792999999999,2.0159561308790925,0.7676043821853111,0.5988141447436509,0.6455904437939708,1.1267700032596781,0.42477720460423996,0.5953230687668916,0.46441615309036927,0.8725997611053102,0.32944010594010514,3.50061688,1.2893912943358141,0.5141389456108101,0.4100951927167012,0.7290702827535827,0.8202878458993046,0.28962023012329796,0.8202111554532951,0.6580196948221956,1.2979197617243483,0.4641818801820898,50,2
3,3,Model Selection + Bagging,50,0.8380289134833918,0.7158672950206959,0.8271951803062695,1.269490394021011,0.4817865375194888,0.4156979909666758,0.35510063143513443,0.5683968045252921,0.23898661788309736,7.626792999999999,2.0159561308790925,0.7893107518266073,0.6461121116783382,0.6252630047520826,1.1787101661519679,0.4461513905875944,0.6121576555495467,0.5010985528727029,0.9245399239976,0.3460170644454476,3.50061688,1.2893912943358141,0.5139278232581113,0.4280995921539187,0.7262290925291761,0.746468364261446,0.29250184116427247,0.8136698326549996,0.680989703349517,1.2241002800864895,0.4639689640535416,50,2
4,4,Single GP,50,0.866418434954867,0.681841419099255,0.8152888066488364,1.6919150741283098,0.5099797981509299,0.4297804013111388,0.3382223495121028,0.9908214846325903,0.2529716745019368,7.626792999999999,2.0159561308790925,0.8728379371464301,0.6668574926763404,0.5417549723579156,1.4818447477174437,0.4941448057317175,0.6769379791694985,0.5171878355358752,1.2276745055630762,0.3832388258726839,3.50061688,1.2893912943358141,0.5533591902403187,0.42770509252398903,0.678521889503376,1.1092479950978333,0.31810525018731034,0.8696281860506485,0.6743494558877977,1.5868799109228768,0.5020623019413237,50,2
4,4,Model Selection,50,0.85453640406926,0.6951010772979381,0.8203203126648472,1.4726300742372826,0.5023272966670577,0.42388640852845577,0.34479970404654964,0.7715364847415637,0.2491757082273459,7.626792999999999,2.0159561308790925,0.8548525669517143,0.6560531736756053,0.560445254627665,1.8646246982255092,0.497400018948322,0.6629892498165676,0.5088084405080061,1.610454456071142,0.3857634382466809,3.50061688,1.2893912943358141,0.5434378291725117,0.4268040722772779,0.6903827836462562,1.1909954704063528,0.3174695732370134,0.8546944855104872,0.6755771254867717,1.668627386231396,0.4998636578076898,50,2
4,4,Model Selection + Bagging,50,0.8606377405533358,0.7125565514204354,0.8177453493651822,1.2678811857505412,0.4896532294415296,0.4269129309763501,0.35345836176986295,0.5667875962548224,0.24288883172671402,7.626792999999999,2.0159561308790925,0.7590500756858944,0.6070881486343522,0.6534456228638296,1.1795489981882112,0.4319797634428528,0.5886886928896887,0.4708331375442338,0.9253787560338431,0.33502612072883,3.50061688,1.2893912943358141,0.5078008119330194,0.41214574965704837,0.7355954861145059,0.7460831761443327,0.288957476227772,0.8098439081196152,0.6598223500273939,1.2237150919693762,0.46081649644219125,50,2
5,5,Single GP,50,0.9136789721430603,0.7314001426317484,0.7945883337522761,1.9857300919884266,0.5411898380474964,0.45322363822700584,0.36280558461994356,1.2846365024927078,0.26845318197053286,7.626792999999999,2.0159561308790925,0.6962031421904916,0.5268948411752195,0.7084570856096968,1.024067874322468,0.3808314675720127,0.5399471403668168,0.40863843543059697,0.7698976321681004,0.2953575607691574,3.50061688,1.2893912943358141,0.4965853892969113,0.3857220100252703,0.7515227096809864,1.027267067330404,0.28190537136984517,0.8049410571667759,0.6291474919034838,1.5048989831554473,0.46101065280975456,50,2
5,5,Model Selection,50,0.8926581365207578,0.7095107799657536,0.8039313397084367,1.5025787867796265,0.5077093020424959,0.4427964095287622,0.35194752956075454,0.801485197283907,0.2518454118449,7.626792999999999,2.0159561308790925,0.6779943779915532,0.5319169659693628,0.7235079057234418,1.0573926326444567,0.37938699502884093,0.5258251556140673,0.4125333933198003,0.803222390490089,0.2942372859933642,3.50061688,1.2893912943358141,0.48431078257141474,0.38224046144027746,0.7637196227159393,0.802353793886998,0.2730413489191321,0.7853262572561555,0.6207138729675582,1.2799857097120415,0.4435481485356684,50,2
5,5,Model Selection + Bagging,50,0.8524678573032105,0.7007254957351114,0.8211891486394478,1.2814844860383854,0.48613533612868076,0.42286032133619766,0.34758965485501336,0.5803908965426663,0.24114380699181834,7.626792999999999,2.0159561308790925,0.7239798990522848,0.5837259901446054,0.6847293446525419,1.129275068040918,0.41224634927547327,0.5614896751922142,0.45271438756323507,0.8751048258865501,0.31972167881576086,3.50061688,1.2893912943358141,0.4921749982642059,0.4001520212091242,0.7529592466459949,0.7277478612146082,0.2804327429037896,0.7882238781777476,0.6422257429398583,1.2053797770396517,0.449190842702077,50,2
6,6,Single GP,50,0.9377132866044784,0.7802109919500942,0.783639495797483,1.6238192746411313,0.5609199566947161,0.46514568062330414,0.3870178423028829,0.9227256851454123,0.27824016014183656,7.626792999999999,2.0159561308790925,0.828740434939727,0.6155845541017804,0.5868882091019421,1.3042406848246544,0.45572170952109053,0.6427377310365853,0.4774226077110889,1.0500704426702872,0.35343941867999035,3.50061688,1.2893912943358141,0.5539417058299447,0.43222022500698587,0.6852638524497126,0.9863980639078498,0.31583978941091345,0.8832268607721028,0.6978977730259373,1.4640299797328928,0.5083208331079033,50,2
6,6,Model Selection,50,0.7989512828956956,0.6559577798146882,0.842935353043811,1.2347714475910485,0.464062577853693,0.39631382382676117,0.32538296333296024,0.5336778580953294,0.23019477990889153,7.626792999999999,2.0159561308790925,0.7929596475767228,0.5998340367353311,0.62179026137375,1.2234973678336334,0.4389833803779953,0.6149875922539007,0.46520714027646287,0.9693271256792657,0.34045784418307456,3.50061688,1.2893912943358141,0.505650708040331,0.3952950518047116,0.7323628072087804,0.7515024918872976,0.285326312045983,0.7959554652362092,0.6278959082750096,1.229134407712341,0.45152297911584416,50,2
6,6,Model Selection + Bagging,50,0.8019297988611772,0.6377014786591374,0.841762086058069,1.2366658906098913,0.46126080031888,0.3977912944521673,0.316327061333947,0.5355723011141721,0.22880497906357686,7.626792999999999,2.0159561308790925,0.8180051350836632,0.6439703206949393,0.5975215862072079,1.2327119867811183,0.4626771023785907,0.6344118644798441,0.49943746597626804,0.9785417446267506,0.35883374148025643,3.50061688,1.2893912943358141,0.5161015794660058,0.4078822636551075,0.7196418361326384,0.7570570228704614,0.29381936027191663,0.8099674669724202,0.6408358996770384,1.2346889386955047,0.4619689513487354,50,2
7,7,Single GP,50,0.9217482264969539,0.7485290117698803,0.7909440816423555,2.162363183141856,0.5639784174124155,0.4572263316538588,0.371302232377185,1.4612695936461362,0.279757286765205,7.626792999999999,2.0159561308790925,0.7485517975768607,0.6029663272598119,0.6629655861732892,1.4633553649790825,0.43699117701496887,0.5805466508616778,0.4676364187571233,1.209185122824715,0.3389127714252716,3.50061688,1.2893912943358141,0.5188864912577683,0.41946932556715416,0.7269548339078223,1.3352273582354255,0.3093350290952383,0.8351500120369073,0.6757476695148461,1.8128592740604692,0.5004847972136922,50,2
7,7,Model Selection,50,0.8255248516808432,0.6592330886864288,0.8323134810255572,1.265280984494882,0.4713264211640137,0.40949544438789887,0.32700765586548697,0.5641873949991634,0.23379795519582236,7.626792999999999,2.0159561308790925,0.7329133765554423,0.5743628224493367,0.6769008398992917,1.615178208622253,0.4239532008125601,0.5684181208412592,0.4454526914928491,1.3610079664678858,0.3288010417589682,3.50061688,1.2893912943358141,0.48895678261457903,0.386230173679168,0.7546071604624245,0.9625976807335246,0.28129949847739527,0.7792191141181428,0.6167979555678827,1.4402295965585674,0.44763981098828687,50,2
7,7,Model Selection + Bagging,50,0.8026767230876796,0.6563783602984736,0.8414671805088958,1.22094939939235,0.4581736772320323,0.3981618006427841,0.3255915891444763,0.5198558098966312,0.22727363468580908,7.626792999999999,2.0159561308790925,0.772313606254888,0.6328585399331221,0.6412285259643338,1.2311897046465938,0.4458020292898082,0.5989753534459211,0.490819615979428,0.9770194624922258,0.34574611388193666,3.50061688,1.2893912943358141,0.49856857704435265,0.40820560256195215,0.7413478532366148,0.7484376361944285,0.28650987428387287,0.7874951646712838,0.6446184501157979,1.2260695520194718,0.4519878532609203,50,2
8,8,Single GP,50,0.8623878248604215,0.7044573220113449,0.8170033756209482,1.6702557165859668,0.5155189556417656,0.4277810472415203,0.34944079944048895,0.9691621270902487,0.2557193322540033,7.626792999999999,2.0159561308790925,0.8083989702839519,0.5966437377742665,0.6069190146528374,1.4025173198374037,0.4492226966843299,0.6269617096339796,0.4627328727867725,1.1483470776830362,0.3483990458580937,3.50061688,1.2893912943358141,0.52737137843775,0.4060868361136307,0.7119611951368927,1.0587546023866425,0.3020591890560485,0.8353933975721868,0.6505505298928057,1.5363865182116854,0.4823708261630478,50,2
8,8,Model Selection,50,0.7845183220173165,0.6354810252171954,0.8485588052886707,1.208816972349266,0.44949711037915757,0.38915446125070874,0.3152256219683129,0.5077233828535472,0.22296968842429457,7.626792999999999,2.0159561308790925,0.7416190476640587,0.5649666587291462,0.6691795987668848,1.3285086073740446,0.4146203123723214,0.5751698890181188,0.43816540503336454,1.0743383652196774,0.3215628290602806,3.50061688,1.2893912943358141,0.4821621751344138,0.37669551350083874,0.7588692020277777,0.7910308740366123,0.2722662587422876,0.7630686848406876,0.6002238419731708,1.2686627898616554,0.4320587113757395,50,2
8,8,Model Selection + Bagging,50,0.8568883287505128,0.6911321711157504,0.8193298934459388,1.2636037165799232,0.4818719789121689,0.425053063221595,0.3428309577423049,0.5625101270842037,0.23902900044855657,7.626792999999999,2.0159561308790925,0.8001052989132187,0.6264952442000905,0.614943174535695,1.2149761954853435,0.448782524355059,0.6205294718740643,0.48588449988163446,0.9608059533309753,0.3480576659129951,3.50061688,1.2893912943358141,0.5227912675478297,0.41435772881196964,0.7171365339908169,0.7616580402075894,0.29354333318077586,0.8284968138318658,0.6588137076579205,1.2392899560326334,0.46532725163361394,50,2
9,9,Single GP,50,0.8724720096245533,0.6842449924132045,0.8126986742144939,1.6499450595834302,0.5110828684957593,0.43278323186730105,0.3394146241242004,0.9488514700877114,0.2535188443177545,7.626792999999999,2.0159561308790925,0.8765432853834793,0.6758282075180526,0.5378560550571236,1.451739867089684,0.49268640612546927,0.6798116981509487,0.5241451609661923,1.1975696249353152,0.3821077498272236,3.50061688,1.2893912943358141,0.5562974650091248,0.4317798925451964,0.6752773646358088,1.0732105475115132,0.31781329707248906,0.8745076475040163,0.6800365999656286,1.550842463336557,0.5018846373106143,50,2
9,9,Model Selection,50,0.8535439742180821,0.706841344545536,0.8207374182144418,1.2965169831610022,0.49178874245938686,0.4233941211041529,0.3506233760341331,0.5954233936652831,0.24394813702862364,7.626792999999999,2.0159561308790925,0.8912258275027084,0.7141813308451507,0.5222440986632415,1.4215738378121214,0.508573012783963,0.691198886961458,0.5538903000062807,1.1674035956577538,0.39442876264023263,3.50061688,1.2893912943358141,0.5572965040328055,0.4522568380202069,0.6714907584388417,0.8814134946615184,0.3191884498344281,0.8723849008603952,0.7105113376953434,1.3590454104865617,0.500180877621675,50,2
9,9,Model Selection + Bagging,50,0.909842546307282,0.7535136249648338,0.7963097089657283,1.3332934063499837,0.5195396234286426,0.45132060781031447,0.3737748125680945,0.6321998168542644,0.2577137545161204,7.626792999999999,2.0159561308790925,0.9436080971457417,0.7838417119583121,0.46443294903022125,1.3624359937083113,0.5352486157028852,0.7318244673210774,0.6079160883136577,1.1082657515539445,0.4151172867803487,3.50061688,1.2893912943358141,0.5915725375656959,0.49084545044087613,0.6303713289979748,0.8702327842041044,0.33641552064823455,0.9267253217265119,0.7686776684615729,1.3478647000291475,0.5273941195657639,50,2
