repeat,partition_seed,outer_fold,n_outer_train,n_outer_test,selected_family,selected_kernel,inner_cv_score,best_icm_kernel,best_icm_score,best_ind_kernels,best_ind_score
0,0,0,40,10,IND,"[[""Matern"", 1.5], [""Matern"", 0.5]]",0.7775904215976839,"[""RBF"", null]",0.9614220430769393,"[[""Matern"", 1.5], [""Matern"", 0.5]]",0.7775904215976839
0,0,1,40,10,IND,"[[""Matern"", 0.5], [""Matern"", 0.5]]",0.815444483943455,"[""Matern"", 0.5]",0.9296949195524057,"[[""Matern"", 0.5], [""Matern"", 0.5]]",0.815444483943455
0,0,2,40,10,IND,"[[""Matern"", 0.5], [""Matern"", 1.5]]",0.8423948059031074,"[""RBF"", null]",0.8992483135985097,"[[""Matern"", 0.5], [""Matern"", 1.5]]",0.8423948059031074
0,0,3,40,10,IND,"[[""Matern"", 0.5], [""RBF"", null]]",0.8692198821519483,"[""RBF"", null]",1.0599989605232814,"[[""Matern"", 0.5], [""RBF"", null]]",0.8692198821519483
0,0,4,40,10,IND,"[[""Matern"", 0.5], [""Matern"", 1.5]]",0.7328010984087363,"[""RBF"", null]",0.7398235643352653,"[[""Matern"", 0.5], [""Matern"", 1.5]]",0.7328010984087363
1,1,0,40,10,IND,"[[""Matern"", 0.5], [""Matern"", 0.5]]",0.7267469699985452,"[""Matern"", 2.5]",0.8037299198873438,"[[""Matern"", 0.5], [""Matern"", 0.5]]",0.7267469699985452
1,1,1,40,10,IND,"[[""Matern"", 1.5], [""Matern"", 1.5]]",0.7500954906229624,"[""RBF"", null]",0.7810282187533504,"[[""Matern"", 1.5], [""Matern"", 1.5]]",0.7500954906229624
1,1,2,40,10,IND,"[[""Matern"", 0.5], [""Matern"", 0.5]]",0.7359533555793468,"[""Matern"", 0.5]",0.8594887133818252,"[[""Matern"", 0.5], [""Matern"", 0.5]]",0.7359533555793468
1,1,3,40,10,IND,"[[""Matern"", 1.5], [""Matern"", 0.5]]",0.9751453286420675,"[""Matern"", 2.5]",1.1334978579945467,"[[""Matern"", 1.5], [""Matern"", 0.5]]",0.9751453286420675
1,1,4,40,10,IND,"[[""Matern"", 0.5], [""RBF"", null]]",0.9234414884777747,"[""Matern"", 2.5]",1.0496835027298437,"[[""Matern"", 0.5], [""RBF"", null]]",0.9234414884777747
2,2,0,40,10,IND,"[[""Matern"", 2.5], [""Matern"", 0.5]]",0.7404795288711034,"[""Matern"", 0.5]",0.8992519404099525,"[[""Matern"", 2.5], [""Matern"", 0.5]]",0.7404795288711034
2,2,1,40,10,IND,"[[""Matern"", 0.5], [""Matern"", 0.5]]",0.8210131287981146,"[""RBF"", null]",0.9377163359209785,"[[""Matern"", 0.5], [""Matern"", 0.5]]",0.8210131287981146
2,2,2,40,10,IND,"[[""Matern"", 2.5], [""Matern"", 0.5]]",0.7120590956079943,"[""Matern"", 2.5]",0.8044540169838708,"[[""Matern"", 2.5], [""Matern"", 0.5]]",0.7120590956079943
2,2,3,40,10,IND,"[[""Matern"", 1.5], [""Matern"", 1.5]]",0.7069579133482726,"[""Matern"", 0.5]",0.716448502008286,"[[""Matern"", 1.5], [""Matern"", 1.5]]",0.7069579133482726
2,2,4,40,10,IND,"[[""Matern"", 1.5], [""Matern"", 0.5]]",0.8218380336483819,"[""Matern"", 2.5]",0.8695009180750766,"[[""Matern"", 1.5], [""Matern"", 0.5]]",0.8218380336483819
3,3,0,40,10,IND,"[[""Matern"", 0.5], [""Matern"", 0.5]]",0.8427722266181843,"[""RBF"", null]",0.8509922138577088,"[[""Matern"", 0.5], [""Matern"", 0.5]]",0.8427722266181843
3,3,1,40,10,IND,"[[""Matern"", 0.5], [""Matern"", 0.5]]",0.7952434926687386,"[""Matern"", 0.5]",0.9047461007200395,"[[""Matern"", 0.5], [""Matern"", 0.5]]",0.7952434926687386
3,3,2,40,10,IND,"[[""Matern"", 0.5], [""Matern"", 0.5]]",0.8100095092824797,"[""RBF"", null]",0.9331741907166402,"[[""Matern"", 0.5], [""Matern"", 0.5]]",0.8100095092824797
3,3,3,40,10,IND,"[[""Matern"", 1.5], [""Matern"", 2.5]]",0.8845787839667945,"[""Matern"", 2.5]",0.9054185768925391,"[[""Matern"", 1.5], [""Matern"", 2.5]]",0.8845787839667945
3,3,4,40,10,IND,"[[""RBF"", null], [""Matern"", 0.5]]",0.7866775834872377,"[""RBF"", null]",0.9414275127348597,"[[""RBF"", null], [""Matern"", 0.5]]",0.7866775834872377
4,4,0,40,10,ICM,"[""RBF"", null]",0.7479230875806557,"[""RBF"", null]",0.7479230875806557,"[[""Matern"", 1.5], [""Matern"", 1.5]]",0.7684351258473481
4,4,1,40,10,IND,"[[""Matern"", 0.5], [""Matern"", 0.5]]",0.8696803167537733,"[""Matern"", 0.5]",0.9187290165186857,"[[""Matern"", 0.5], [""Matern"", 0.5]]",0.8696803167537733
4,4,2,40,10,IND,"[[""Matern"", 0.5], [""RBF"", null]]",0.7964358109901782,"[""Matern"", 0.5]",0.8391775603408238,"[[""Matern"", 0.5], [""RBF"", null]]",0.7964358109901782
4,4,3,40,10,ICM,"[""Matern"", 0.5]",0.7328813649373875,"[""Matern"", 0.5]",0.7328813649373875,"[[""Matern"", 0.5], [""Matern"", 2.5]]",0.7401413813356896
4,4,4,40,10,IND,"[[""Matern"", 0.5], [""Matern"", 0.5]]",0.8410681863001223,"[""RBF"", null]",0.977212288609055,"[[""Matern"", 0.5], [""Matern"", 0.5]]",0.8410681863001223
5,5,0,40,10,IND,"[[""Matern"", 0.5], [""Matern"", 1.5]]",0.7471027568898736,"[""RBF"", null]",0.7750789136203914,"[[""Matern"", 0.5], [""Matern"", 1.5]]",0.7471027568898736
5,5,1,40,10,IND,"[[""Matern"", 1.5], [""Matern"", 0.5]]",0.8833794470450929,"[""Matern"", 0.5]",0.9195592291743552,"[[""Matern"", 1.5], [""Matern"", 0.5]]",0.8833794470450929
5,5,2,40,10,IND,"[[""Matern"", 1.5], [""Matern"", 0.5]]",0.7750953275939148,"[""RBF"", null]",0.9268393039110159,"[[""Matern"", 1.5], [""Matern"", 0.5]]",0.7750953275939148
5,5,3,40,10,IND,"[[""Matern"", 1.5], [""Matern"", 0.5]]",0.701688281716707,"[""Matern"", 2.5]",0.80386600269271,"[[""Matern"", 1.5], [""Matern"", 0.5]]",0.701688281716707
5,5,4,40,10,IND,"[[""Matern"", 0.5], [""Matern"", 0.5]]",0.857681436354386,"[""RBF"", null]",0.9279022806578092,"[[""Matern"", 0.5], [""Matern"", 0.5]]",0.857681436354386
6,6,0,40,10,IND,"[[""Matern"", 0.5], [""RBF"", null]]",0.792304675462621,"[""Matern"", 0.5]",0.7934755474696944,"[[""Matern"", 0.5], [""RBF"", null]]",0.792304675462621
6,6,1,40,10,IND,"[[""Matern"", 1.5], [""Matern"", 0.5]]",0.7736877801674373,"[""Matern"", 2.5]",0.9523916804397261,"[[""Matern"", 1.5], [""Matern"", 0.5]]",0.7736877801674373
6,6,2,40,10,IND,"[[""Matern"", 0.5], [""Matern"", 0.5]]",0.7429465406524627,"[""RBF"", null]",0.9210717136999161,"[[""Matern"", 0.5], [""Matern"", 0.5]]",0.7429465406524627
6,6,3,40,10,IND,"[[""Matern"", 0.5], [""Matern"", 1.5]]",0.8514643636330135,"[""Matern"", 0.5]",0.895556267510542,"[[""Matern"", 0.5], [""Matern"", 1.5]]",0.8514643636330135
6,6,4,40,10,IND,"[[""Matern"", 0.5], [""Matern"", 0.5]]",0.8945411971936756,"[""Matern"", 2.5]",1.0150450172448227,"[[""Matern"", 0.5], [""Matern"", 0.5]]",0.8945411971936756
7,7,0,40,10,IND,"[[""Matern"", 0.5], [""Matern"", 0.5]]",0.8586750866838724,"[""Matern"", 2.5]",0.9839433245862775,"[[""Matern"", 0.5], [""Matern"", 0.5]]",0.8586750866838724
7,7,1,40,10,IND,"[[""Matern"", 0.5], [""Matern"", 0.5]]",0.783960625748455,"[""Matern"", 1.5]",0.9354370657539611,"[[""Matern"", 0.5], [""Matern"", 0.5]]",0.783960625748455
7,7,2,40,10,IND,"[[""Matern"", 0.5], [""RBF"", null]]",0.6472209715038995,"[""Matern"", 0.5]",0.7554923935231275,"[[""Matern"", 0.5], [""RBF"", null]]",0.6472209715038995
7,7,3,40,10,IND,"[[""Matern"", 1.5], [""Matern"", 1.5]]",0.8536522419342671,"[""Matern"", 1.5]",0.9469353697581344,"[[""Matern"", 1.5], [""Matern"", 1.5]]",0.8536522419342671
7,7,4,40,10,IND,"[[""Matern"", 0.5], [""Matern"", 0.5]]",0.8594907334692874,"[""RBF"", null]",1.000304691159935,"[[""Matern"", 0.5], [""Matern"", 0.5]]",0.8594907334692874
8,8,0,40,10,IND,"[[""Matern"", 0.5], [""Matern"", 0.5]]",0.8139474199397911,"[""Matern"", 2.5]",0.888480221967632,"[[""Matern"", 0.5], [""Matern"", 0.5]]",0.8139474199397911
8,8,1,40,10,IND,"[[""Matern"", 0.5], [""Matern"", 0.5]]",0.8082882757776547,"[""Matern"", 2.5]",0.8724801157660869,"[[""Matern"", 0.5], [""Matern"", 0.5]]",0.8082882757776547
8,8,2,40,10,IND,"[[""Matern"", 0.5], [""Matern"", 0.5]]",0.9119733407344309,"[""Matern"", 0.5]",1.0326062072153053,"[[""Matern"", 0.5], [""Matern"", 0.5]]",0.9119733407344309
8,8,3,40,10,ICM,"[""RBF"", null]",0.7155087840666072,"[""RBF"", null]",0.7155087840666072,"[[""Matern"", 0.5], [""Matern"", 1.5]]",0.7312998084420546
8,8,4,40,10,IND,"[[""Matern"", 0.5], [""Matern"", 1.5]]",0.738782427312725,"[""Matern"", 1.5]",0.793202290475357,"[[""Matern"", 0.5], [""Matern"", 1.5]]",0.738782427312725
9,9,0,40,10,IND,"[[""Matern"", 0.5], [""Matern"", 0.5]]",0.7757089079253721,"[""Matern"", 2.5]",0.8451786153363259,"[[""Matern"", 0.5], [""Matern"", 0.5]]",0.7757089079253721
9,9,1,40,10,IND,"[[""Matern"", 0.5], [""Matern"", 0.5]]",0.9046237126897794,"[""Matern"", 1.5]",0.9910541626774887,"[[""Matern"", 0.5], [""Matern"", 0.5]]",0.9046237126897794
9,9,2,40,10,IND,"[[""Matern"", 0.5], [""RBF"", null]]",0.7915245581969107,"[""Matern"", 2.5]",0.8704208515787896,"[[""Matern"", 0.5], [""RBF"", null]]",0.7915245581969107
9,9,3,40,10,IND,"[[""Matern"", 0.5], [""Matern"", 0.5]]",0.6845874404701933,"[""Matern"", 0.5]",0.7689784848153922,"[[""Matern"", 0.5], [""Matern"", 0.5]]",0.6845874404701933
9,9,4,40,10,IND,"[[""Matern"", 0.5], [""Matern"", 0.5]]",0.8534293144895355,"[""Matern"", 2.5]",0.8786789245591754,"[[""Matern"", 0.5], [""Matern"", 0.5]]",0.8534293144895355
