repeat,partition_seed,calibration_method,target,nominal_coverage,empirical_coverage,absolute_calibration_error,n_observations
0,0,uncalibrated,T,0.5,0.66,0.16000000000000003,100
0,0,uncalibrated,P,0.5,0.76,0.26,100
0,0,uncalibrated,TD,0.5,0.6,0.09999999999999998,100
0,0,uncalibrated,T,0.6,0.78,0.18000000000000005,100
0,0,uncalibrated,P,0.6,0.82,0.21999999999999997,100
0,0,uncalibrated,TD,0.6,0.69,0.08999999999999997,100
0,0,uncalibrated,T,0.7,0.88,0.18000000000000005,100
0,0,uncalibrated,P,0.7,0.87,0.17000000000000004,100
0,0,uncalibrated,TD,0.7,0.77,0.07000000000000006,100
0,0,uncalibrated,T,0.8,0.91,0.10999999999999999,100
0,0,uncalibrated,P,0.8,0.96,0.15999999999999992,100
0,0,uncalibrated,TD,0.8,0.85,0.04999999999999993,100
0,0,uncalibrated,T,0.9,0.94,0.039999999999999925,100
0,0,uncalibrated,P,0.9,0.96,0.05999999999999994,100
0,0,uncalibrated,TD,0.9,0.89,0.010000000000000009,100
0,0,uncalibrated,T,0.95,0.96,0.010000000000000009,100
0,0,uncalibrated,P,0.95,0.96,0.010000000000000009,100
0,0,uncalibrated,TD,0.95,0.95,0.0,100
0,0,holdout,T,0.5,0.45,0.04999999999999999,100
0,0,holdout,P,0.5,0.49,0.010000000000000009,100
0,0,holdout,TD,0.5,0.55,0.050000000000000044,100
0,0,holdout,T,0.6,0.62,0.020000000000000018,100
0,0,holdout,P,0.6,0.57,0.030000000000000027,100
0,0,holdout,TD,0.6,0.7,0.09999999999999998,100
0,0,holdout,T,0.7,0.68,0.019999999999999907,100
0,0,holdout,P,0.7,0.67,0.029999999999999916,100
0,0,holdout,TD,0.7,0.73,0.030000000000000027,100
0,0,holdout,T,0.8,0.81,0.010000000000000009,100
0,0,holdout,P,0.8,0.74,0.06000000000000005,100
0,0,holdout,TD,0.8,0.85,0.04999999999999993,100
0,0,holdout,T,0.9,0.9,0.0,100
0,0,holdout,P,0.9,0.88,0.020000000000000018,100
0,0,holdout,TD,0.9,0.92,0.020000000000000018,100
0,0,holdout,T,0.95,0.9,0.04999999999999993,100
0,0,holdout,P,0.95,0.88,0.06999999999999995,100
0,0,holdout,TD,0.95,0.92,0.029999999999999916,100
0,0,cross_fitted,T,0.5,0.57,0.06999999999999995,100
0,0,cross_fitted,P,0.5,0.44,0.06,100
0,0,cross_fitted,TD,0.5,0.54,0.040000000000000036,100
0,0,cross_fitted,T,0.6,0.62,0.020000000000000018,100
0,0,cross_fitted,P,0.6,0.6,0.0,100
0,0,cross_fitted,TD,0.6,0.6,0.0,100
0,0,cross_fitted,T,0.7,0.74,0.040000000000000036,100
0,0,cross_fitted,P,0.7,0.72,0.020000000000000018,100
0,0,cross_fitted,TD,0.7,0.69,0.010000000000000009,100
0,0,cross_fitted,T,0.8,0.84,0.039999999999999925,100
0,0,cross_fitted,P,0.8,0.8,0.0,100
0,0,cross_fitted,TD,0.8,0.83,0.029999999999999916,100
0,0,cross_fitted,T,0.9,0.93,0.030000000000000027,100
0,0,cross_fitted,P,0.9,0.94,0.039999999999999925,100
0,0,cross_fitted,TD,0.9,0.92,0.020000000000000018,100
0,0,cross_fitted,T,0.95,0.97,0.020000000000000018,100
0,0,cross_fitted,P,0.95,0.98,0.030000000000000027,100
0,0,cross_fitted,TD,0.95,0.98,0.030000000000000027,100
1,1,uncalibrated,T,0.5,0.64,0.14,100
1,1,uncalibrated,P,0.5,0.78,0.28,100
1,1,uncalibrated,TD,0.5,0.65,0.15000000000000002,100
1,1,uncalibrated,T,0.6,0.81,0.21000000000000008,100
1,1,uncalibrated,P,0.6,0.82,0.21999999999999997,100
1,1,uncalibrated,TD,0.6,0.67,0.07000000000000006,100
1,1,uncalibrated,T,0.7,0.84,0.14,100
1,1,uncalibrated,P,0.7,0.86,0.16000000000000003,100
1,1,uncalibrated,TD,0.7,0.78,0.08000000000000007,100
1,1,uncalibrated,T,0.8,0.9,0.09999999999999998,100
1,1,uncalibrated,P,0.8,0.91,0.10999999999999999,100
1,1,uncalibrated,TD,0.8,0.88,0.07999999999999996,100
1,1,uncalibrated,T,0.9,0.92,0.020000000000000018,100
1,1,uncalibrated,P,0.9,0.97,0.06999999999999995,100
1,1,uncalibrated,TD,0.9,0.91,0.010000000000000009,100
1,1,uncalibrated,T,0.95,0.93,0.019999999999999907,100
1,1,uncalibrated,P,0.95,0.98,0.030000000000000027,100
1,1,uncalibrated,TD,0.95,0.96,0.010000000000000009,100
1,1,holdout,T,0.5,0.55,0.050000000000000044,100
1,1,holdout,P,0.5,0.63,0.13,100
1,1,holdout,TD,0.5,0.65,0.15000000000000002,100
1,1,holdout,T,0.6,0.67,0.07000000000000006,100
1,1,holdout,P,0.6,0.65,0.050000000000000044,100
1,1,holdout,TD,0.6,0.71,0.10999999999999999,100
1,1,holdout,T,0.7,0.69,0.010000000000000009,100
1,1,holdout,P,0.7,0.72,0.020000000000000018,100
1,1,holdout,TD,0.7,0.74,0.040000000000000036,100
1,1,holdout,T,0.8,0.82,0.019999999999999907,100
1,1,holdout,P,0.8,0.83,0.029999999999999916,100
1,1,holdout,TD,0.8,0.89,0.08999999999999997,100
1,1,holdout,T,0.9,0.89,0.010000000000000009,100
1,1,holdout,P,0.9,0.93,0.030000000000000027,100
1,1,holdout,TD,0.9,0.92,0.020000000000000018,100
1,1,holdout,T,0.95,0.89,0.05999999999999994,100
1,1,holdout,P,0.95,0.93,0.019999999999999907,100
1,1,holdout,TD,0.95,0.92,0.029999999999999916,100
1,1,cross_fitted,T,0.5,0.46,0.03999999999999998,100
1,1,cross_fitted,P,0.5,0.47,0.030000000000000027,100
1,1,cross_fitted,TD,0.5,0.55,0.050000000000000044,100
1,1,cross_fitted,T,0.6,0.6,0.0,100
1,1,cross_fitted,P,0.6,0.58,0.020000000000000018,100
1,1,cross_fitted,TD,0.6,0.66,0.06000000000000005,100
1,1,cross_fitted,T,0.7,0.77,0.07000000000000006,100
1,1,cross_fitted,P,0.7,0.74,0.040000000000000036,100
1,1,cross_fitted,TD,0.7,0.7,0.0,100
1,1,cross_fitted,T,0.8,0.86,0.05999999999999994,100
1,1,cross_fitted,P,0.8,0.8,0.0,100
1,1,cross_fitted,TD,0.8,0.86,0.05999999999999994,100
1,1,cross_fitted,T,0.9,0.92,0.020000000000000018,100
1,1,cross_fitted,P,0.9,0.91,0.010000000000000009,100
1,1,cross_fitted,TD,0.9,0.92,0.020000000000000018,100
1,1,cross_fitted,T,0.95,0.94,0.010000000000000009,100
1,1,cross_fitted,P,0.95,0.98,0.030000000000000027,100
1,1,cross_fitted,TD,0.95,0.97,0.020000000000000018,100
2,2,uncalibrated,T,0.5,0.69,0.18999999999999995,100
2,2,uncalibrated,P,0.5,0.79,0.29000000000000004,100
2,2,uncalibrated,TD,0.5,0.59,0.08999999999999997,100
2,2,uncalibrated,T,0.6,0.77,0.17000000000000004,100
2,2,uncalibrated,P,0.6,0.82,0.21999999999999997,100
2,2,uncalibrated,TD,0.6,0.69,0.08999999999999997,100
2,2,uncalibrated,T,0.7,0.83,0.13,100
2,2,uncalibrated,P,0.7,0.86,0.16000000000000003,100
2,2,uncalibrated,TD,0.7,0.75,0.050000000000000044,100
2,2,uncalibrated,T,0.8,0.91,0.10999999999999999,100
2,2,uncalibrated,P,0.8,0.91,0.10999999999999999,100
2,2,uncalibrated,TD,0.8,0.83,0.029999999999999916,100
2,2,uncalibrated,T,0.9,0.93,0.030000000000000027,100
2,2,uncalibrated,P,0.9,0.93,0.030000000000000027,100
2,2,uncalibrated,TD,0.9,0.9,0.0,100
2,2,uncalibrated,T,0.95,0.94,0.010000000000000009,100
2,2,uncalibrated,P,0.95,0.94,0.010000000000000009,100
2,2,uncalibrated,TD,0.95,0.93,0.019999999999999907,100
2,2,holdout,T,0.5,0.61,0.10999999999999999,100
2,2,holdout,P,0.5,0.52,0.020000000000000018,100
2,2,holdout,TD,0.5,0.57,0.06999999999999995,100
2,2,holdout,T,0.6,0.68,0.08000000000000007,100
2,2,holdout,P,0.6,0.64,0.040000000000000036,100
2,2,holdout,TD,0.6,0.75,0.15000000000000002,100
2,2,holdout,T,0.7,0.73,0.030000000000000027,100
2,2,holdout,P,0.7,0.67,0.029999999999999916,100
2,2,holdout,TD,0.7,0.78,0.08000000000000007,100
2,2,holdout,T,0.8,0.91,0.10999999999999999,100
2,2,holdout,P,0.8,0.83,0.029999999999999916,100
2,2,holdout,TD,0.8,0.9,0.09999999999999998,100
2,2,holdout,T,0.9,0.98,0.07999999999999996,100
2,2,holdout,P,0.9,0.92,0.020000000000000018,100
2,2,holdout,TD,0.9,0.93,0.030000000000000027,100
2,2,holdout,T,0.95,0.98,0.030000000000000027,100
2,2,holdout,P,0.95,0.92,0.029999999999999916,100
2,2,holdout,TD,0.95,0.93,0.019999999999999907,100
2,2,cross_fitted,T,0.5,0.53,0.030000000000000027,100
2,2,cross_fitted,P,0.5,0.56,0.06000000000000005,100
2,2,cross_fitted,TD,0.5,0.49,0.010000000000000009,100
2,2,cross_fitted,T,0.6,0.64,0.040000000000000036,100
2,2,cross_fitted,P,0.6,0.62,0.020000000000000018,100
2,2,cross_fitted,TD,0.6,0.61,0.010000000000000009,100
2,2,cross_fitted,T,0.7,0.72,0.020000000000000018,100
2,2,cross_fitted,P,0.7,0.73,0.030000000000000027,100
2,2,cross_fitted,TD,0.7,0.72,0.020000000000000018,100
2,2,cross_fitted,T,0.8,0.84,0.039999999999999925,100
2,2,cross_fitted,P,0.8,0.81,0.010000000000000009,100
2,2,cross_fitted,TD,0.8,0.83,0.029999999999999916,100
2,2,cross_fitted,T,0.9,0.92,0.020000000000000018,100
2,2,cross_fitted,P,0.9,0.89,0.010000000000000009,100
2,2,cross_fitted,TD,0.9,0.9,0.0,100
2,2,cross_fitted,T,0.95,0.94,0.010000000000000009,100
2,2,cross_fitted,P,0.95,0.97,0.020000000000000018,100
2,2,cross_fitted,TD,0.95,0.98,0.030000000000000027,100
3,3,uncalibrated,T,0.5,0.64,0.14,100
3,3,uncalibrated,P,0.5,0.78,0.28,100
3,3,uncalibrated,TD,0.5,0.68,0.18000000000000005,100
3,3,uncalibrated,T,0.6,0.75,0.15000000000000002,100
3,3,uncalibrated,P,0.6,0.85,0.25,100
3,3,uncalibrated,TD,0.6,0.75,0.15000000000000002,100
3,3,uncalibrated,T,0.7,0.85,0.15000000000000002,100
3,3,uncalibrated,P,0.7,0.91,0.21000000000000008,100
3,3,uncalibrated,TD,0.7,0.83,0.13,100
3,3,uncalibrated,T,0.8,0.9,0.09999999999999998,100
3,3,uncalibrated,P,0.8,0.94,0.1399999999999999,100
3,3,uncalibrated,TD,0.8,0.86,0.05999999999999994,100
3,3,uncalibrated,T,0.9,0.94,0.039999999999999925,100
3,3,uncalibrated,P,0.9,0.94,0.039999999999999925,100
3,3,uncalibrated,TD,0.9,0.94,0.039999999999999925,100
3,3,uncalibrated,T,0.95,0.96,0.010000000000000009,100
3,3,uncalibrated,P,0.95,0.96,0.010000000000000009,100
3,3,uncalibrated,TD,0.95,0.98,0.030000000000000027,100
3,3,holdout,T,0.5,0.65,0.15000000000000002,100
3,3,holdout,P,0.5,0.6,0.09999999999999998,100
3,3,holdout,TD,0.5,0.62,0.12,100
3,3,holdout,T,0.6,0.71,0.10999999999999999,100
3,3,holdout,P,0.6,0.69,0.08999999999999997,100
3,3,holdout,TD,0.6,0.75,0.15000000000000002,100
3,3,holdout,T,0.7,0.78,0.08000000000000007,100
3,3,holdout,P,0.7,0.72,0.020000000000000018,100
3,3,holdout,TD,0.7,0.78,0.08000000000000007,100
3,3,holdout,T,0.8,0.9,0.09999999999999998,100
3,3,holdout,P,0.8,0.9,0.09999999999999998,100
3,3,holdout,TD,0.8,0.85,0.04999999999999993,100
3,3,holdout,T,0.9,0.98,0.07999999999999996,100
3,3,holdout,P,0.9,0.99,0.08999999999999997,100
3,3,holdout,TD,0.9,0.94,0.039999999999999925,100
3,3,holdout,T,0.95,0.98,0.030000000000000027,100
3,3,holdout,P,0.95,0.99,0.040000000000000036,100
3,3,holdout,TD,0.95,0.94,0.010000000000000009,100
3,3,cross_fitted,T,0.5,0.52,0.020000000000000018,100
3,3,cross_fitted,P,0.5,0.57,0.06999999999999995,100
3,3,cross_fitted,TD,0.5,0.59,0.08999999999999997,100
3,3,cross_fitted,T,0.6,0.61,0.010000000000000009,100
3,3,cross_fitted,P,0.6,0.66,0.06000000000000005,100
3,3,cross_fitted,TD,0.6,0.67,0.07000000000000006,100
3,3,cross_fitted,T,0.7,0.69,0.010000000000000009,100
3,3,cross_fitted,P,0.7,0.73,0.030000000000000027,100
3,3,cross_fitted,TD,0.7,0.76,0.06000000000000005,100
3,3,cross_fitted,T,0.8,0.83,0.029999999999999916,100
3,3,cross_fitted,P,0.8,0.81,0.010000000000000009,100
3,3,cross_fitted,TD,0.8,0.84,0.039999999999999925,100
3,3,cross_fitted,T,0.9,0.94,0.039999999999999925,100
3,3,cross_fitted,P,0.9,0.92,0.020000000000000018,100
3,3,cross_fitted,TD,0.9,0.95,0.04999999999999993,100
3,3,cross_fitted,T,0.95,0.97,0.020000000000000018,100
3,3,cross_fitted,P,0.95,0.96,0.010000000000000009,100
3,3,cross_fitted,TD,0.95,0.99,0.040000000000000036,100
4,4,uncalibrated,T,0.5,0.66,0.16000000000000003,100
4,4,uncalibrated,P,0.5,0.76,0.26,100
4,4,uncalibrated,TD,0.5,0.61,0.10999999999999999,100
4,4,uncalibrated,T,0.6,0.76,0.16000000000000003,100
4,4,uncalibrated,P,0.6,0.83,0.22999999999999998,100
4,4,uncalibrated,TD,0.6,0.66,0.06000000000000005,100
4,4,uncalibrated,T,0.7,0.86,0.16000000000000003,100
4,4,uncalibrated,P,0.7,0.88,0.18000000000000005,100
4,4,uncalibrated,TD,0.7,0.76,0.06000000000000005,100
4,4,uncalibrated,T,0.8,0.89,0.08999999999999997,100
4,4,uncalibrated,P,0.8,0.93,0.13,100
4,4,uncalibrated,TD,0.8,0.83,0.029999999999999916,100
4,4,uncalibrated,T,0.9,0.91,0.010000000000000009,100
4,4,uncalibrated,P,0.9,0.95,0.04999999999999993,100
4,4,uncalibrated,TD,0.9,0.91,0.010000000000000009,100
4,4,uncalibrated,T,0.95,0.94,0.010000000000000009,100
4,4,uncalibrated,P,0.95,0.95,0.0,100
4,4,uncalibrated,TD,0.95,0.95,0.0,100
4,4,holdout,T,0.5,0.63,0.13,100
4,4,holdout,P,0.5,0.65,0.15000000000000002,100
4,4,holdout,TD,0.5,0.65,0.15000000000000002,100
4,4,holdout,T,0.6,0.74,0.14,100
4,4,holdout,P,0.6,0.71,0.10999999999999999,100
4,4,holdout,TD,0.6,0.73,0.13,100
4,4,holdout,T,0.7,0.81,0.1100000000000001,100
4,4,holdout,P,0.7,0.75,0.050000000000000044,100
4,4,holdout,TD,0.7,0.77,0.07000000000000006,100
4,4,holdout,T,0.8,0.89,0.08999999999999997,100
4,4,holdout,P,0.8,0.91,0.10999999999999999,100
4,4,holdout,TD,0.8,0.89,0.08999999999999997,100
4,4,holdout,T,0.9,0.94,0.039999999999999925,100
4,4,holdout,P,0.9,0.96,0.05999999999999994,100
4,4,holdout,TD,0.9,0.94,0.039999999999999925,100
4,4,holdout,T,0.95,0.94,0.010000000000000009,100
4,4,holdout,P,0.95,0.96,0.010000000000000009,100
4,4,holdout,TD,0.95,0.94,0.010000000000000009,100
4,4,cross_fitted,T,0.5,0.52,0.020000000000000018,100
4,4,cross_fitted,P,0.5,0.46,0.03999999999999998,100
4,4,cross_fitted,TD,0.5,0.56,0.06000000000000005,100
4,4,cross_fitted,T,0.6,0.62,0.020000000000000018,100
4,4,cross_fitted,P,0.6,0.63,0.030000000000000027,100
4,4,cross_fitted,TD,0.6,0.64,0.040000000000000036,100
4,4,cross_fitted,T,0.7,0.7,0.0,100
4,4,cross_fitted,P,0.7,0.7,0.0,100
4,4,cross_fitted,TD,0.7,0.7,0.0,100
4,4,cross_fitted,T,0.8,0.82,0.019999999999999907,100
4,4,cross_fitted,P,0.8,0.8,0.0,100
4,4,cross_fitted,TD,0.8,0.83,0.029999999999999916,100
4,4,cross_fitted,T,0.9,0.92,0.020000000000000018,100
4,4,cross_fitted,P,0.9,0.93,0.030000000000000027,100
4,4,cross_fitted,TD,0.9,0.91,0.010000000000000009,100
4,4,cross_fitted,T,0.95,0.94,0.010000000000000009,100
4,4,cross_fitted,P,0.95,0.95,0.0,100
4,4,cross_fitted,TD,0.95,0.98,0.030000000000000027,100
5,5,uncalibrated,T,0.5,0.71,0.20999999999999996,100
5,5,uncalibrated,P,0.5,0.77,0.27,100
5,5,uncalibrated,TD,0.5,0.59,0.08999999999999997,100
5,5,uncalibrated,T,0.6,0.78,0.18000000000000005,100
5,5,uncalibrated,P,0.6,0.88,0.28,100
5,5,uncalibrated,TD,0.6,0.72,0.12,100
5,5,uncalibrated,T,0.7,0.86,0.16000000000000003,100
5,5,uncalibrated,P,0.7,0.9,0.20000000000000007,100
5,5,uncalibrated,TD,0.7,0.79,0.09000000000000008,100
5,5,uncalibrated,T,0.8,0.92,0.12,100
5,5,uncalibrated,P,0.8,0.93,0.13,100
5,5,uncalibrated,TD,0.8,0.84,0.039999999999999925,100
5,5,uncalibrated,T,0.9,0.95,0.04999999999999993,100
5,5,uncalibrated,P,0.9,0.94,0.039999999999999925,100
5,5,uncalibrated,TD,0.9,0.9,0.0,100
5,5,uncalibrated,T,0.95,0.96,0.010000000000000009,100
5,5,uncalibrated,P,0.95,0.98,0.030000000000000027,100
5,5,uncalibrated,TD,0.95,0.93,0.019999999999999907,100
5,5,holdout,T,0.5,0.67,0.17000000000000004,100
5,5,holdout,P,0.5,0.55,0.050000000000000044,100
5,5,holdout,TD,0.5,0.54,0.040000000000000036,100
5,5,holdout,T,0.6,0.81,0.21000000000000008,100
5,5,holdout,P,0.6,0.71,0.10999999999999999,100
5,5,holdout,TD,0.6,0.67,0.07000000000000006,100
5,5,holdout,T,0.7,0.86,0.16000000000000003,100
5,5,holdout,P,0.7,0.75,0.050000000000000044,100
5,5,holdout,TD,0.7,0.73,0.030000000000000027,100
5,5,holdout,T,0.8,0.91,0.10999999999999999,100
5,5,holdout,P,0.8,0.89,0.08999999999999997,100
5,5,holdout,TD,0.8,0.91,0.10999999999999999,100
5,5,holdout,T,0.9,0.96,0.05999999999999994,100
5,5,holdout,P,0.9,0.92,0.020000000000000018,100
5,5,holdout,TD,0.9,0.95,0.04999999999999993,100
5,5,holdout,T,0.95,0.96,0.010000000000000009,100
5,5,holdout,P,0.95,0.92,0.029999999999999916,100
5,5,holdout,TD,0.95,0.95,0.0,100
5,5,cross_fitted,T,0.5,0.53,0.030000000000000027,100
5,5,cross_fitted,P,0.5,0.51,0.010000000000000009,100
5,5,cross_fitted,TD,0.5,0.5,0.0,100
5,5,cross_fitted,T,0.6,0.67,0.07000000000000006,100
5,5,cross_fitted,P,0.6,0.6,0.0,100
5,5,cross_fitted,TD,0.6,0.62,0.020000000000000018,100
5,5,cross_fitted,T,0.7,0.77,0.07000000000000006,100
5,5,cross_fitted,P,0.7,0.68,0.019999999999999907,100
5,5,cross_fitted,TD,0.7,0.68,0.019999999999999907,100
5,5,cross_fitted,T,0.8,0.86,0.05999999999999994,100
5,5,cross_fitted,P,0.8,0.82,0.019999999999999907,100
5,5,cross_fitted,TD,0.8,0.82,0.019999999999999907,100
5,5,cross_fitted,T,0.9,0.92,0.020000000000000018,100
5,5,cross_fitted,P,0.9,0.92,0.020000000000000018,100
5,5,cross_fitted,TD,0.9,0.92,0.020000000000000018,100
5,5,cross_fitted,T,0.95,0.98,0.030000000000000027,100
5,5,cross_fitted,P,0.95,0.99,0.040000000000000036,100
5,5,cross_fitted,TD,0.95,0.94,0.010000000000000009,100
6,6,uncalibrated,T,0.5,0.61,0.10999999999999999,100
6,6,uncalibrated,P,0.5,0.82,0.31999999999999995,100
6,6,uncalibrated,TD,0.5,0.64,0.14,100
6,6,uncalibrated,T,0.6,0.74,0.14,100
6,6,uncalibrated,P,0.6,0.88,0.28,100
6,6,uncalibrated,TD,0.6,0.7,0.09999999999999998,100
6,6,uncalibrated,T,0.7,0.82,0.12,100
6,6,uncalibrated,P,0.7,0.91,0.21000000000000008,100
6,6,uncalibrated,TD,0.7,0.8,0.10000000000000009,100
6,6,uncalibrated,T,0.8,0.87,0.06999999999999995,100
6,6,uncalibrated,P,0.8,0.92,0.12,100
6,6,uncalibrated,TD,0.8,0.85,0.04999999999999993,100
6,6,uncalibrated,T,0.9,0.9,0.0,100
6,6,uncalibrated,P,0.9,0.94,0.039999999999999925,100
6,6,uncalibrated,TD,0.9,0.92,0.020000000000000018,100
6,6,uncalibrated,T,0.95,0.93,0.019999999999999907,100
6,6,uncalibrated,P,0.95,0.97,0.020000000000000018,100
6,6,uncalibrated,TD,0.95,0.94,0.010000000000000009,100
6,6,holdout,T,0.5,0.67,0.17000000000000004,100
6,6,holdout,P,0.5,0.52,0.020000000000000018,100
6,6,holdout,TD,0.5,0.56,0.06000000000000005,100
6,6,holdout,T,0.6,0.76,0.16000000000000003,100
6,6,holdout,P,0.6,0.68,0.08000000000000007,100
6,6,holdout,TD,0.6,0.69,0.08999999999999997,100
6,6,holdout,T,0.7,0.83,0.13,100
6,6,holdout,P,0.7,0.69,0.010000000000000009,100
6,6,holdout,TD,0.7,0.78,0.08000000000000007,100
6,6,holdout,T,0.8,0.91,0.10999999999999999,100
6,6,holdout,P,0.8,0.82,0.019999999999999907,100
6,6,holdout,TD,0.8,0.88,0.07999999999999996,100
6,6,holdout,T,0.9,0.95,0.04999999999999993,100
6,6,holdout,P,0.9,0.98,0.07999999999999996,100
6,6,holdout,TD,0.9,0.94,0.039999999999999925,100
6,6,holdout,T,0.95,0.95,0.0,100
6,6,holdout,P,0.95,0.98,0.030000000000000027,100
6,6,holdout,TD,0.95,0.94,0.010000000000000009,100
6,6,cross_fitted,T,0.5,0.49,0.010000000000000009,100
6,6,cross_fitted,P,0.5,0.55,0.050000000000000044,100
6,6,cross_fitted,TD,0.5,0.55,0.050000000000000044,100
6,6,cross_fitted,T,0.6,0.56,0.039999999999999925,100
6,6,cross_fitted,P,0.6,0.67,0.07000000000000006,100
6,6,cross_fitted,TD,0.6,0.64,0.040000000000000036,100
6,6,cross_fitted,T,0.7,0.66,0.039999999999999925,100
6,6,cross_fitted,P,0.7,0.79,0.09000000000000008,100
6,6,cross_fitted,TD,0.7,0.74,0.040000000000000036,100
6,6,cross_fitted,T,0.8,0.79,0.010000000000000009,100
6,6,cross_fitted,P,0.8,0.85,0.04999999999999993,100
6,6,cross_fitted,TD,0.8,0.84,0.039999999999999925,100
6,6,cross_fitted,T,0.9,0.89,0.010000000000000009,100
6,6,cross_fitted,P,0.9,0.91,0.010000000000000009,100
6,6,cross_fitted,TD,0.9,0.92,0.020000000000000018,100
6,6,cross_fitted,T,0.95,0.93,0.019999999999999907,100
6,6,cross_fitted,P,0.95,0.96,0.010000000000000009,100
6,6,cross_fitted,TD,0.95,0.96,0.010000000000000009,100
7,7,uncalibrated,T,0.5,0.63,0.13,100
7,7,uncalibrated,P,0.5,0.78,0.28,100
7,7,uncalibrated,TD,0.5,0.65,0.15000000000000002,100
7,7,uncalibrated,T,0.6,0.71,0.10999999999999999,100
7,7,uncalibrated,P,0.6,0.81,0.21000000000000008,100
7,7,uncalibrated,TD,0.6,0.72,0.12,100
7,7,uncalibrated,T,0.7,0.79,0.09000000000000008,100
7,7,uncalibrated,P,0.7,0.85,0.15000000000000002,100
7,7,uncalibrated,TD,0.7,0.78,0.08000000000000007,100
7,7,uncalibrated,T,0.8,0.87,0.06999999999999995,100
7,7,uncalibrated,P,0.8,0.9,0.09999999999999998,100
7,7,uncalibrated,TD,0.8,0.86,0.05999999999999994,100
7,7,uncalibrated,T,0.9,0.93,0.030000000000000027,100
7,7,uncalibrated,P,0.9,0.94,0.039999999999999925,100
7,7,uncalibrated,TD,0.9,0.92,0.020000000000000018,100
7,7,uncalibrated,T,0.95,0.94,0.010000000000000009,100
7,7,uncalibrated,P,0.95,0.96,0.010000000000000009,100
7,7,uncalibrated,TD,0.95,0.94,0.010000000000000009,100
7,7,holdout,T,0.5,0.54,0.040000000000000036,100
7,7,holdout,P,0.5,0.54,0.040000000000000036,100
7,7,holdout,TD,0.5,0.59,0.08999999999999997,100
7,7,holdout,T,0.6,0.65,0.050000000000000044,100
7,7,holdout,P,0.6,0.64,0.040000000000000036,100
7,7,holdout,TD,0.6,0.61,0.010000000000000009,100
7,7,holdout,T,0.7,0.69,0.010000000000000009,100
7,7,holdout,P,0.7,0.71,0.010000000000000009,100
7,7,holdout,TD,0.7,0.62,0.07999999999999996,100
7,7,holdout,T,0.8,0.8,0.0,100
7,7,holdout,P,0.8,0.83,0.029999999999999916,100
7,7,holdout,TD,0.8,0.89,0.08999999999999997,100
7,7,holdout,T,0.9,0.94,0.039999999999999925,100
7,7,holdout,P,0.9,0.93,0.030000000000000027,100
7,7,holdout,TD,0.9,0.95,0.04999999999999993,100
7,7,holdout,T,0.95,0.94,0.010000000000000009,100
7,7,holdout,P,0.95,0.93,0.019999999999999907,100
7,7,holdout,TD,0.95,0.95,0.0,100
7,7,cross_fitted,T,0.5,0.43,0.07,100
7,7,cross_fitted,P,0.5,0.61,0.10999999999999999,100
7,7,cross_fitted,TD,0.5,0.61,0.10999999999999999,100
7,7,cross_fitted,T,0.6,0.57,0.030000000000000027,100
7,7,cross_fitted,P,0.6,0.66,0.06000000000000005,100
7,7,cross_fitted,TD,0.6,0.69,0.08999999999999997,100
7,7,cross_fitted,T,0.7,0.65,0.04999999999999993,100
7,7,cross_fitted,P,0.7,0.75,0.050000000000000044,100
7,7,cross_fitted,TD,0.7,0.74,0.040000000000000036,100
7,7,cross_fitted,T,0.8,0.74,0.06000000000000005,100
7,7,cross_fitted,P,0.8,0.81,0.010000000000000009,100
7,7,cross_fitted,TD,0.8,0.84,0.039999999999999925,100
7,7,cross_fitted,T,0.9,0.91,0.010000000000000009,100
7,7,cross_fitted,P,0.9,0.9,0.0,100
7,7,cross_fitted,TD,0.9,0.88,0.020000000000000018,100
7,7,cross_fitted,T,0.95,0.93,0.019999999999999907,100
7,7,cross_fitted,P,0.95,0.96,0.010000000000000009,100
7,7,cross_fitted,TD,0.95,0.96,0.010000000000000009,100
8,8,uncalibrated,T,0.5,0.66,0.16000000000000003,100
8,8,uncalibrated,P,0.5,0.81,0.31000000000000005,100
8,8,uncalibrated,TD,0.5,0.62,0.12,100
8,8,uncalibrated,T,0.6,0.81,0.21000000000000008,100
8,8,uncalibrated,P,0.6,0.84,0.24,100
8,8,uncalibrated,TD,0.6,0.68,0.08000000000000007,100
8,8,uncalibrated,T,0.7,0.83,0.13,100
8,8,uncalibrated,P,0.7,0.87,0.17000000000000004,100
8,8,uncalibrated,TD,0.7,0.75,0.050000000000000044,100
8,8,uncalibrated,T,0.8,0.92,0.12,100
8,8,uncalibrated,P,0.8,0.9,0.09999999999999998,100
8,8,uncalibrated,TD,0.8,0.87,0.06999999999999995,100
8,8,uncalibrated,T,0.9,0.94,0.039999999999999925,100
8,8,uncalibrated,P,0.9,0.94,0.039999999999999925,100
8,8,uncalibrated,TD,0.9,0.92,0.020000000000000018,100
8,8,uncalibrated,T,0.95,0.95,0.0,100
8,8,uncalibrated,P,0.95,0.98,0.030000000000000027,100
8,8,uncalibrated,TD,0.95,0.99,0.040000000000000036,100
8,8,holdout,T,0.5,0.63,0.13,100
8,8,holdout,P,0.5,0.71,0.20999999999999996,100
8,8,holdout,TD,0.5,0.59,0.08999999999999997,100
8,8,holdout,T,0.6,0.75,0.15000000000000002,100
8,8,holdout,P,0.6,0.82,0.21999999999999997,100
8,8,holdout,TD,0.6,0.72,0.12,100
8,8,holdout,T,0.7,0.81,0.1100000000000001,100
8,8,holdout,P,0.7,0.86,0.16000000000000003,100
8,8,holdout,TD,0.7,0.76,0.06000000000000005,100
8,8,holdout,T,0.8,0.88,0.07999999999999996,100
8,8,holdout,P,0.8,0.96,0.15999999999999992,100
8,8,holdout,TD,0.8,0.89,0.08999999999999997,100
8,8,holdout,T,0.9,0.93,0.030000000000000027,100
8,8,holdout,P,0.9,0.97,0.06999999999999995,100
8,8,holdout,TD,0.9,0.95,0.04999999999999993,100
8,8,holdout,T,0.95,0.93,0.019999999999999907,100
8,8,holdout,P,0.95,0.97,0.020000000000000018,100
8,8,holdout,TD,0.95,0.95,0.0,100
8,8,cross_fitted,T,0.5,0.52,0.020000000000000018,100
8,8,cross_fitted,P,0.5,0.55,0.050000000000000044,100
8,8,cross_fitted,TD,0.5,0.55,0.050000000000000044,100
8,8,cross_fitted,T,0.6,0.62,0.020000000000000018,100
8,8,cross_fitted,P,0.6,0.65,0.050000000000000044,100
8,8,cross_fitted,TD,0.6,0.59,0.010000000000000009,100
8,8,cross_fitted,T,0.7,0.75,0.050000000000000044,100
8,8,cross_fitted,P,0.7,0.76,0.06000000000000005,100
8,8,cross_fitted,TD,0.7,0.69,0.010000000000000009,100
8,8,cross_fitted,T,0.8,0.84,0.039999999999999925,100
8,8,cross_fitted,P,0.8,0.84,0.039999999999999925,100
8,8,cross_fitted,TD,0.8,0.79,0.010000000000000009,100
8,8,cross_fitted,T,0.9,0.92,0.020000000000000018,100
8,8,cross_fitted,P,0.9,0.91,0.010000000000000009,100
8,8,cross_fitted,TD,0.9,0.92,0.020000000000000018,100
8,8,cross_fitted,T,0.95,0.96,0.010000000000000009,100
8,8,cross_fitted,P,0.95,0.98,0.030000000000000027,100
8,8,cross_fitted,TD,0.95,1.0,0.050000000000000044,100
9,9,uncalibrated,T,0.5,0.62,0.12,100
9,9,uncalibrated,P,0.5,0.76,0.26,100
9,9,uncalibrated,TD,0.5,0.59,0.08999999999999997,100
9,9,uncalibrated,T,0.6,0.7,0.09999999999999998,100
9,9,uncalibrated,P,0.6,0.8,0.20000000000000007,100
9,9,uncalibrated,TD,0.6,0.67,0.07000000000000006,100
9,9,uncalibrated,T,0.7,0.79,0.09000000000000008,100
9,9,uncalibrated,P,0.7,0.88,0.18000000000000005,100
9,9,uncalibrated,TD,0.7,0.78,0.08000000000000007,100
9,9,uncalibrated,T,0.8,0.87,0.06999999999999995,100
9,9,uncalibrated,P,0.8,0.93,0.13,100
9,9,uncalibrated,TD,0.8,0.84,0.039999999999999925,100
9,9,uncalibrated,T,0.9,0.91,0.010000000000000009,100
9,9,uncalibrated,P,0.9,0.93,0.030000000000000027,100
9,9,uncalibrated,TD,0.9,0.91,0.010000000000000009,100
9,9,uncalibrated,T,0.95,0.93,0.019999999999999907,100
9,9,uncalibrated,P,0.95,0.96,0.010000000000000009,100
9,9,uncalibrated,TD,0.95,0.93,0.019999999999999907,100
9,9,holdout,T,0.5,0.48,0.020000000000000018,100
9,9,holdout,P,0.5,0.6,0.09999999999999998,100
9,9,holdout,TD,0.5,0.52,0.020000000000000018,100
9,9,holdout,T,0.6,0.63,0.030000000000000027,100
9,9,holdout,P,0.6,0.67,0.07000000000000006,100
9,9,holdout,TD,0.6,0.67,0.07000000000000006,100
9,9,holdout,T,0.7,0.69,0.010000000000000009,100
9,9,holdout,P,0.7,0.73,0.030000000000000027,100
9,9,holdout,TD,0.7,0.71,0.010000000000000009,100
9,9,holdout,T,0.8,0.82,0.019999999999999907,100
9,9,holdout,P,0.8,0.78,0.020000000000000018,100
9,9,holdout,TD,0.8,0.82,0.019999999999999907,100
9,9,holdout,T,0.9,0.92,0.020000000000000018,100
9,9,holdout,P,0.9,0.9,0.0,100
9,9,holdout,TD,0.9,0.87,0.030000000000000027,100
9,9,holdout,T,0.95,0.92,0.029999999999999916,100
9,9,holdout,P,0.95,0.9,0.04999999999999993,100
9,9,holdout,TD,0.95,0.87,0.07999999999999996,100
9,9,cross_fitted,T,0.5,0.46,0.03999999999999998,100
9,9,cross_fitted,P,0.5,0.48,0.020000000000000018,100
9,9,cross_fitted,TD,0.5,0.52,0.020000000000000018,100
9,9,cross_fitted,T,0.6,0.62,0.020000000000000018,100
9,9,cross_fitted,P,0.6,0.65,0.050000000000000044,100
9,9,cross_fitted,TD,0.6,0.6,0.0,100
9,9,cross_fitted,T,0.7,0.7,0.0,100
9,9,cross_fitted,P,0.7,0.73,0.030000000000000027,100
9,9,cross_fitted,TD,0.7,0.74,0.040000000000000036,100
9,9,cross_fitted,T,0.8,0.78,0.020000000000000018,100
9,9,cross_fitted,P,0.8,0.78,0.020000000000000018,100
9,9,cross_fitted,TD,0.8,0.84,0.039999999999999925,100
9,9,cross_fitted,T,0.9,0.91,0.010000000000000009,100
9,9,cross_fitted,P,0.9,0.9,0.0,100
9,9,cross_fitted,TD,0.9,0.91,0.010000000000000009,100
9,9,cross_fitted,T,0.95,0.94,0.010000000000000009,100
9,9,cross_fitted,P,0.95,0.98,0.030000000000000027,100
9,9,cross_fitted,TD,0.95,0.96,0.010000000000000009,100
