repeat,partition_seed,outer_fold,family,target,kernel,mean_inner_cv_score,std_inner_cv_score
0,0,0,ICM,__joint__,"[""RBF"", null]",59.48009601838296,15.786718927262577
0,0,0,ICM,__joint__,"[""Matern"", 0.5]",63.75795680309058,18.833718041155077
0,0,0,ICM,__joint__,"[""Matern"", 1.5]",63.758581755001046,18.83493054294374
0,0,0,ICM,__joint__,"[""Matern"", 2.5]",59.4796819450152,15.787027161519
0,0,0,IND,T,"[""RBF"", null]",1.206794701693589,0.5366273862651669
0,0,0,IND,T,"[""Matern"", 0.5]",1.1377428186876952,0.5174974926032385
0,0,0,IND,T,"[""Matern"", 1.5]",1.197516266217144,0.5461834145113394
0,0,0,IND,T,"[""Matern"", 2.5]",1.1846769459424997,0.5282665418744186
0,0,0,IND,P,"[""RBF"", null]",220.31870936716604,48.047600873919194
0,0,0,IND,P,"[""Matern"", 0.5]",167.80802570321768,68.98000626418678
0,0,0,IND,P,"[""Matern"", 1.5]",178.23142273367836,58.60022905463225
0,0,0,IND,P,"[""Matern"", 2.5]",199.29473806067904,45.73350705718004
0,0,0,IND,TD,"[""RBF"", null]",1.8341948528970744,0.9594220433830437
0,0,0,IND,TD,"[""Matern"", 0.5]",1.797892291902968,0.7568444425817004
0,0,0,IND,TD,"[""Matern"", 1.5]",1.7974111936323047,0.8539411794975719
0,0,0,IND,TD,"[""Matern"", 2.5]",1.7715616916554027,0.901182975926484
0,0,1,ICM,__joint__,"[""RBF"", null]",79.03265282677908,6.892534930760644
0,0,1,ICM,__joint__,"[""Matern"", 0.5]",80.23029865570888,7.7764219992536505
0,0,1,ICM,__joint__,"[""Matern"", 1.5]",76.70371544407732,10.913066538719374
0,0,1,ICM,__joint__,"[""Matern"", 2.5]",79.03280361545191,6.891269992492607
0,0,1,IND,T,"[""RBF"", null]",1.039514792627628,0.32275006675808804
0,0,1,IND,T,"[""Matern"", 0.5]",1.119531388708087,0.23784565665371366
0,0,1,IND,T,"[""Matern"", 1.5]",1.1916420818160625,0.41124228613019526
0,0,1,IND,T,"[""Matern"", 2.5]",1.0097597120680804,0.2655034672033165
0,0,1,IND,P,"[""RBF"", null]",275.79314684923634,70.51133613500592
0,0,1,IND,P,"[""Matern"", 0.5]",205.09701373420617,60.19461465960156
0,0,1,IND,P,"[""Matern"", 1.5]",246.3600564501763,39.642550483054
0,0,1,IND,P,"[""Matern"", 2.5]",250.4079494880939,29.562765925353837
0,0,1,IND,TD,"[""RBF"", null]",2.2200730438037164,0.5454678166814139
0,0,1,IND,TD,"[""Matern"", 0.5]",1.8184228863713627,0.5632967447391428
0,0,1,IND,TD,"[""Matern"", 1.5]",1.9370495116016357,0.49479136504429994
0,0,1,IND,TD,"[""Matern"", 2.5]",2.0732492336537187,0.5380089503626643
0,0,2,ICM,__joint__,"[""RBF"", null]",79.32772546413437,28.258612957206335
0,0,2,ICM,__joint__,"[""Matern"", 0.5]",79.32726507473123,28.258800749168977
0,0,2,ICM,__joint__,"[""Matern"", 1.5]",79.32734398615912,28.259821694020825
0,0,2,ICM,__joint__,"[""Matern"", 2.5]",79.32633299421059,28.25752279255231
0,0,2,IND,T,"[""RBF"", null]",1.3160484180661869,0.5032266594816843
0,0,2,IND,T,"[""Matern"", 0.5]",1.1553766481986174,0.2298430502597624
0,0,2,IND,T,"[""Matern"", 1.5]",1.3417959146197425,0.3448396115491146
0,0,2,IND,T,"[""Matern"", 2.5]",1.2960622922307232,0.42359470578464264
0,0,2,IND,P,"[""RBF"", null]",291.25952260674,117.76292690154516
0,0,2,IND,P,"[""Matern"", 0.5]",208.0856104244246,70.48510921819882
0,0,2,IND,P,"[""Matern"", 1.5]",246.37645536043965,94.4489026791684
0,0,2,IND,P,"[""Matern"", 2.5]",259.4654387896872,101.96554044928382
0,0,2,IND,TD,"[""RBF"", null]",1.726605070342241,0.3854403865421237
0,0,2,IND,TD,"[""Matern"", 0.5]",1.6828918261423351,0.3218247411801429
0,0,2,IND,TD,"[""Matern"", 1.5]",1.7860459158714768,0.30381056836108106
0,0,2,IND,TD,"[""Matern"", 2.5]",1.70218706691346,0.3606840045696333
0,0,3,ICM,__joint__,"[""RBF"", null]",69.08445799810644,22.630058911921388
0,0,3,ICM,__joint__,"[""Matern"", 0.5]",69.08487702624885,22.630191349259597
0,0,3,ICM,__joint__,"[""Matern"", 1.5]",69.0837639550789,22.630800073033438
0,0,3,ICM,__joint__,"[""Matern"", 2.5]",69.08430700934176,22.63032990446195
0,0,3,IND,T,"[""RBF"", null]",1.3946833769662625,0.47440265013217553
0,0,3,IND,T,"[""Matern"", 0.5]",1.2966703680008982,0.17344285505100074
0,0,3,IND,T,"[""Matern"", 1.5]",1.3171756110844721,0.2816637472467005
0,0,3,IND,T,"[""Matern"", 2.5]",1.309247058390035,0.3182655670405747
0,0,3,IND,P,"[""RBF"", null]",204.36700662178245,67.30657754294887
0,0,3,IND,P,"[""Matern"", 0.5]",216.59525523872463,64.33614456814684
0,0,3,IND,P,"[""Matern"", 1.5]",223.08637586013214,58.9038798344198
0,0,3,IND,P,"[""Matern"", 2.5]",222.88331624338366,67.14426107672637
0,0,3,IND,TD,"[""RBF"", null]",2.4537490587920323,0.6105617479983492
0,0,3,IND,TD,"[""Matern"", 0.5]",1.9659232797938349,0.4136892786210075
0,0,3,IND,TD,"[""Matern"", 1.5]",2.1283525408498774,0.4447103751517774
0,0,3,IND,TD,"[""Matern"", 2.5]",2.121705881105731,0.542328511759976
0,0,4,ICM,__joint__,"[""RBF"", null]",71.98284215138088,21.336728261517028
0,0,4,ICM,__joint__,"[""Matern"", 0.5]",71.98205984299115,21.338035032869712
0,0,4,ICM,__joint__,"[""Matern"", 1.5]",71.98474700519189,21.33647084115051
0,0,4,ICM,__joint__,"[""Matern"", 2.5]",71.98369304409225,21.33581830410941
0,0,4,IND,T,"[""RBF"", null]",1.1280153362768641,0.32851030257308195
0,0,4,IND,T,"[""Matern"", 0.5]",1.063088494491645,0.35683450577224646
0,0,4,IND,T,"[""Matern"", 1.5]",1.1491505561973,0.2989364875648336
0,0,4,IND,T,"[""Matern"", 2.5]",1.1767637645432205,0.30015148670659914
0,0,4,IND,P,"[""RBF"", null]",306.100405066633,46.08635505497281
0,0,4,IND,P,"[""Matern"", 0.5]",220.41048136108293,62.4203854406238
0,0,4,IND,P,"[""Matern"", 1.5]",241.793873334208,53.91267373939087
0,0,4,IND,P,"[""Matern"", 2.5]",277.4150563978384,39.33119177750851
0,0,4,IND,TD,"[""RBF"", null]",2.1878864156856257,0.158983093594158
0,0,4,IND,TD,"[""Matern"", 0.5]",1.6719021942119727,0.33223503332678284
0,0,4,IND,TD,"[""Matern"", 1.5]",1.848016472330814,0.23398500369795253
0,0,4,IND,TD,"[""Matern"", 2.5]",1.887618962712196,0.20383739442205095
1,1,0,ICM,__joint__,"[""RBF"", null]",68.22983384159522,32.51786795404533
1,1,0,ICM,__joint__,"[""Matern"", 0.5]",67.42769638923089,32.59047486926991
1,1,0,ICM,__joint__,"[""Matern"", 1.5]",67.42803121525516,32.592918564741254
1,1,0,ICM,__joint__,"[""Matern"", 2.5]",66.16917442240205,29.899135420193534
1,1,0,IND,T,"[""RBF"", null]",1.1951977494253323,0.4841987300889247
1,1,0,IND,T,"[""Matern"", 0.5]",1.060520967764954,0.3087838018460546
1,1,0,IND,T,"[""Matern"", 1.5]",1.103315210136786,0.37552246108635645
1,1,0,IND,T,"[""Matern"", 2.5]",1.1338332782561944,0.409079362841762
1,1,0,IND,P,"[""RBF"", null]",242.3294660117536,89.63151687831896
1,1,0,IND,P,"[""Matern"", 0.5]",200.68066098961927,114.81688246093528
1,1,0,IND,P,"[""Matern"", 1.5]",221.2646254152619,92.44660100625204
1,1,0,IND,P,"[""Matern"", 2.5]",228.6597405410684,95.4740575629612
1,1,0,IND,TD,"[""RBF"", null]",2.450901263779424,0.7303800899309602
1,1,0,IND,TD,"[""Matern"", 0.5]",1.9190081384572735,0.44991353635213277
1,1,0,IND,TD,"[""Matern"", 1.5]",2.239778253276365,0.5744535772919962
1,1,0,IND,TD,"[""Matern"", 2.5]",2.280234068023996,0.6476228348708704
1,1,1,ICM,__joint__,"[""RBF"", null]",88.96605246131313,24.756040110255206
1,1,1,ICM,__joint__,"[""Matern"", 0.5]",88.96781232010385,24.756683372249398
1,1,1,ICM,__joint__,"[""Matern"", 1.5]",88.96866927351215,24.757922084477975
1,1,1,ICM,__joint__,"[""Matern"", 2.5]",88.96758782345854,24.755550266523414
1,1,1,IND,T,"[""RBF"", null]",1.3949153983709406,0.5443937115227326
1,1,1,IND,T,"[""Matern"", 0.5]",1.1848643229154283,0.30309208160498424
1,1,1,IND,T,"[""Matern"", 1.5]",1.2911338616505748,0.36664952726478334
1,1,1,IND,T,"[""Matern"", 2.5]",1.3267017322616688,0.41293763123941407
1,1,1,IND,P,"[""RBF"", null]",300.147855024792,55.61627963484804
1,1,1,IND,P,"[""Matern"", 0.5]",229.52456567928257,68.33376218399945
1,1,1,IND,P,"[""Matern"", 1.5]",250.28583454278368,63.26430119895703
1,1,1,IND,P,"[""Matern"", 2.5]",266.9375163151656,58.98879889583732
1,1,1,IND,TD,"[""RBF"", null]",2.1313302748125955,0.32492142810154767
1,1,1,IND,TD,"[""Matern"", 0.5]",1.8127968917386965,0.37747164193496946
1,1,1,IND,TD,"[""Matern"", 1.5]",1.8740859065651065,0.5276582398350226
1,1,1,IND,TD,"[""Matern"", 2.5]",1.876440301110889,0.5391447841543644
1,1,2,ICM,__joint__,"[""RBF"", null]",64.53692297634879,26.794533409804316
1,1,2,ICM,__joint__,"[""Matern"", 0.5]",64.53761065550478,26.794268174895844
1,1,2,ICM,__joint__,"[""Matern"", 1.5]",64.53763613112974,26.79434607843644
1,1,2,ICM,__joint__,"[""Matern"", 2.5]",64.5378020723409,26.793398679862403
1,1,2,IND,T,"[""RBF"", null]",1.2168395941615302,0.22000343142814718
1,1,2,IND,T,"[""Matern"", 0.5]",1.1518345070424345,0.2453041726693115
1,1,2,IND,T,"[""Matern"", 1.5]",1.1867967567511861,0.24943100586883635
1,1,2,IND,T,"[""Matern"", 2.5]",1.198062920489137,0.22728078765708762
1,1,2,IND,P,"[""RBF"", null]",282.71918698620277,62.25130491892339
1,1,2,IND,P,"[""Matern"", 0.5]",196.46567615770755,80.53619964867309
1,1,2,IND,P,"[""Matern"", 1.5]",209.40788320320917,88.61879787134446
1,1,2,IND,P,"[""Matern"", 2.5]",248.6643705297513,63.72781762927896
1,1,2,IND,TD,"[""RBF"", null]",2.160572190091122,0.36911773902246386
1,1,2,IND,TD,"[""Matern"", 0.5]",1.9152258147091572,0.5527645872831956
1,1,2,IND,TD,"[""Matern"", 1.5]",1.988186382813522,0.4741670544005373
1,1,2,IND,TD,"[""Matern"", 2.5]",2.012517528905734,0.4506441412657417
1,1,3,ICM,__joint__,"[""RBF"", null]",52.406711171501364,12.077933647688695
1,1,3,ICM,__joint__,"[""Matern"", 0.5]",52.40628865188322,12.077136878787035
1,1,3,ICM,__joint__,"[""Matern"", 1.5]",52.407674090319915,12.077000260357732
1,1,3,ICM,__joint__,"[""Matern"", 2.5]",52.40773792273031,12.07772278891522
1,1,3,IND,T,"[""RBF"", null]",1.0891081475792308,0.3498295216851872
1,1,3,IND,T,"[""Matern"", 0.5]",0.8654704399310005,0.22093750748323468
1,1,3,IND,T,"[""Matern"", 1.5]",1.298684989564752,0.4548284064856702
1,1,3,IND,T,"[""Matern"", 2.5]",1.0866029643242705,0.2885354857661464
1,1,3,IND,P,"[""RBF"", null]",157.5149535587515,42.607305881132156
1,1,3,IND,P,"[""Matern"", 0.5]",179.89931132302505,50.51466586904961
1,1,3,IND,P,"[""Matern"", 1.5]",141.80848308370446,40.408583591770075
1,1,3,IND,P,"[""Matern"", 2.5]",141.7501525950223,39.930607371699736
1,1,3,IND,TD,"[""RBF"", null]",2.1288735488530994,0.5862517057870076
1,1,3,IND,TD,"[""Matern"", 0.5]",1.820715167316732,0.5664328017202394
1,1,3,IND,TD,"[""Matern"", 1.5]",1.9467066196164329,0.6567267505897069
1,1,3,IND,TD,"[""Matern"", 2.5]",2.0453913296589663,0.7099016180695646
1,1,4,ICM,__joint__,"[""RBF"", null]",71.34857267839091,31.862130079969944
1,1,4,ICM,__joint__,"[""Matern"", 0.5]",72.91833970129639,31.6366094783097
1,1,4,ICM,__joint__,"[""Matern"", 1.5]",72.91773620294046,31.63706223953484
1,1,4,ICM,__joint__,"[""Matern"", 2.5]",72.91601885695357,31.63766016725857
1,1,4,IND,T,"[""RBF"", null]",1.715480150242744,0.676846426191365
1,1,4,IND,T,"[""Matern"", 0.5]",1.198584136645525,0.4111842159893209
1,1,4,IND,T,"[""Matern"", 1.5]",1.3155985593385953,0.48534672340099844
1,1,4,IND,T,"[""Matern"", 2.5]",1.3554349724004378,0.3302704843557682
1,1,4,IND,P,"[""RBF"", null]",262.4160158639165,86.24017701215769
1,1,4,IND,P,"[""Matern"", 0.5]",201.1391693071546,106.74812232793839
1,1,4,IND,P,"[""Matern"", 1.5]",232.5650273157183,86.88698995126154
1,1,4,IND,P,"[""Matern"", 2.5]",243.43658751072343,85.37410356995876
1,1,4,IND,TD,"[""RBF"", null]",2.184499529985943,0.42183236834287996
1,1,4,IND,TD,"[""Matern"", 0.5]",1.7422417493540763,0.39192195849304556
1,1,4,IND,TD,"[""Matern"", 1.5]",1.853049941706113,0.4133864451774454
1,1,4,IND,TD,"[""Matern"", 2.5]",1.9810441964975603,0.4076985592619622
2,2,0,ICM,__joint__,"[""RBF"", null]",50.41347888971369,12.106494535870656
2,2,0,ICM,__joint__,"[""Matern"", 0.5]",50.41302554788424,12.106720107965797
2,2,0,ICM,__joint__,"[""Matern"", 1.5]",50.41277099059868,12.107403897095047
2,2,0,ICM,__joint__,"[""Matern"", 2.5]",50.41310732215821,12.107062502958367
2,2,0,IND,T,"[""RBF"", null]",1.201205499355511,0.7234139283003237
2,2,0,IND,T,"[""Matern"", 0.5]",1.0610734407425662,0.44353853187956566
2,2,0,IND,T,"[""Matern"", 1.5]",1.111476521416873,0.4202126452276019
2,2,0,IND,T,"[""Matern"", 2.5]",1.1433421618342507,0.40405387236862045
2,2,0,IND,P,"[""RBF"", null]",183.08256478109934,32.14566415267244
2,2,0,IND,P,"[""Matern"", 0.5]",164.85317294072073,29.872910717055742
2,2,0,IND,P,"[""Matern"", 1.5]",172.416203778121,26.644391553438638
2,2,0,IND,P,"[""Matern"", 2.5]",176.39010188293818,29.389581087726114
2,2,0,IND,TD,"[""RBF"", null]",1.2706413267179613,0.23153464649921474
2,2,0,IND,TD,"[""Matern"", 0.5]",1.288089862620985,0.23267700551501175
2,2,0,IND,TD,"[""Matern"", 1.5]",1.248652437755246,0.2922030119986254
2,2,0,IND,TD,"[""Matern"", 2.5]",1.2357286872098567,0.29829198689547515
2,2,1,ICM,__joint__,"[""RBF"", null]",58.76437033588775,34.57193326794582
2,2,1,ICM,__joint__,"[""Matern"", 0.5]",58.76572890646662,34.57204543121131
2,2,1,ICM,__joint__,"[""Matern"", 1.5]",58.764350296232294,34.57290309481552
2,2,1,ICM,__joint__,"[""Matern"", 2.5]",58.764785287816174,34.57229839362795
2,2,1,IND,T,"[""RBF"", null]",1.3512756139205426,0.29047750568379155
2,2,1,IND,T,"[""Matern"", 0.5]",1.2581038963428057,0.21714395473416012
2,2,1,IND,T,"[""Matern"", 1.5]",1.2338763532362667,0.3799243092773807
2,2,1,IND,T,"[""Matern"", 2.5]",1.092724692555304,0.3005675705985765
2,2,1,IND,P,"[""RBF"", null]",217.71355744439347,77.41602608126966
2,2,1,IND,P,"[""Matern"", 0.5]",195.70628825756043,90.23755640313736
2,2,1,IND,P,"[""Matern"", 1.5]",194.7020157192099,80.98665450822895
2,2,1,IND,P,"[""Matern"", 2.5]",230.34535487172676,72.56391106114505
2,2,1,IND,TD,"[""RBF"", null]",2.108616542840779,0.5880526272742216
2,2,1,IND,TD,"[""Matern"", 0.5]",1.8682107337628733,0.4839187377689097
2,2,1,IND,TD,"[""Matern"", 1.5]",2.0532246119620625,0.5487841729843879
2,2,1,IND,TD,"[""Matern"", 2.5]",2.1150062953160136,0.5585863561226823
2,2,2,ICM,__joint__,"[""RBF"", null]",78.50629222884068,16.00934394304024
2,2,2,ICM,__joint__,"[""Matern"", 0.5]",78.50789700171586,16.00835969200851
2,2,2,ICM,__joint__,"[""Matern"", 1.5]",78.50625891656895,16.009116667736304
2,2,2,ICM,__joint__,"[""Matern"", 2.5]",78.50680515175408,16.00858023134543
2,2,2,IND,T,"[""RBF"", null]",1.2976750194375872,0.12392061729919775
2,2,2,IND,T,"[""Matern"", 0.5]",1.2059172944984877,0.2957760086170029
2,2,2,IND,T,"[""Matern"", 1.5]",1.2588546345113396,0.18573702354964344
2,2,2,IND,T,"[""Matern"", 2.5]",1.265852478121174,0.1613128570627416
2,2,2,IND,P,"[""RBF"", null]",265.89802602958093,96.03355615674566
2,2,2,IND,P,"[""Matern"", 0.5]",236.03490481477166,54.673892754188536
2,2,2,IND,P,"[""Matern"", 1.5]",264.8368660670027,39.2373922735466
2,2,2,IND,P,"[""Matern"", 2.5]",270.8103786511575,49.43972152163025
2,2,2,IND,TD,"[""RBF"", null]",2.014903694868058,0.5825198577799557
2,2,2,IND,TD,"[""Matern"", 0.5]",1.8990241406200146,0.4695565685197219
2,2,2,IND,TD,"[""Matern"", 1.5]",1.9371247422915385,0.5628162069240935
2,2,2,IND,TD,"[""Matern"", 2.5]",1.9456853872683422,0.5489383787703576
2,2,3,ICM,__joint__,"[""RBF"", null]",87.52905154695407,42.82350621964952
2,2,3,ICM,__joint__,"[""Matern"", 0.5]",87.52990272396042,42.829223214969154
2,2,3,ICM,__joint__,"[""Matern"", 1.5]",87.53000580104069,42.82676896921989
2,2,3,ICM,__joint__,"[""Matern"", 2.5]",87.52570036944694,42.82050661579185
2,2,3,IND,T,"[""RBF"", null]",1.1321270369932361,0.3723104201850063
2,2,3,IND,T,"[""Matern"", 0.5]",1.0146812382275043,0.353429226025757
2,2,3,IND,T,"[""Matern"", 1.5]",0.9550483201666644,0.368381771059852
2,2,3,IND,T,"[""Matern"", 2.5]",0.9357766510414143,0.37604837220784376
2,2,3,IND,P,"[""RBF"", null]",288.08457599006056,50.763037672425554
2,2,3,IND,P,"[""Matern"", 0.5]",241.97748646840373,55.743796548935485
2,2,3,IND,P,"[""Matern"", 1.5]",264.06052609607303,91.8556384456188
2,2,3,IND,P,"[""Matern"", 2.5]",262.2352334382981,93.84404017580334
2,2,3,IND,TD,"[""RBF"", null]",2.3213603650610395,0.932538532414689
2,2,3,IND,TD,"[""Matern"", 0.5]",1.8642246391672592,0.5623907601608857
2,2,3,IND,TD,"[""Matern"", 1.5]",1.9852378414835612,0.5890634527450275
2,2,3,IND,TD,"[""Matern"", 2.5]",2.051170101486967,0.5950901284699482
2,2,4,ICM,__joint__,"[""RBF"", null]",80.35918807354204,22.960056063261714
2,2,4,ICM,__joint__,"[""Matern"", 0.5]",80.35822823609445,22.958780342881386
2,2,4,ICM,__joint__,"[""Matern"", 1.5]",80.35827081311433,22.95935776661453
2,2,4,ICM,__joint__,"[""Matern"", 2.5]",85.22068028542034,26.74489346927944
2,2,4,IND,T,"[""RBF"", null]",1.2119147413673328,0.30122215239993716
2,2,4,IND,T,"[""Matern"", 0.5]",1.054774939813919,0.25312244161404684
2,2,4,IND,T,"[""Matern"", 1.5]",1.1127212780905862,0.23440666645399488
2,2,4,IND,T,"[""Matern"", 2.5]",1.110857145666553,0.21132471270500638
2,2,4,IND,P,"[""RBF"", null]",282.4379613570082,101.94432434781616
2,2,4,IND,P,"[""Matern"", 0.5]",246.82312915719913,86.41744779498356
2,2,4,IND,P,"[""Matern"", 1.5]",274.70626708189667,90.6479536324381
2,2,4,IND,P,"[""Matern"", 2.5]",276.3418739008729,99.68253546312845
2,2,4,IND,TD,"[""RBF"", null]",2.240599612697737,0.2853349891967827
2,2,4,IND,TD,"[""Matern"", 0.5]",1.9492978470883404,0.4889043322903154
2,2,4,IND,TD,"[""Matern"", 1.5]",1.9987515102665132,0.35742051868463265
2,2,4,IND,TD,"[""Matern"", 2.5]",2.044711493307641,0.3613718199040185
3,3,0,ICM,__joint__,"[""RBF"", null]",71.48960657957048,27.160704662656983
3,3,0,ICM,__joint__,"[""Matern"", 0.5]",71.48873006035086,27.157973886785797
3,3,0,ICM,__joint__,"[""Matern"", 1.5]",71.48893934003635,27.159272331570417
3,3,0,ICM,__joint__,"[""Matern"", 2.5]",71.49035580775089,27.161057334609435
3,3,0,IND,T,"[""RBF"", null]",1.166061315287997,0.1752503035213959
3,3,0,IND,T,"[""Matern"", 0.5]",1.293391376534975,0.19664943903523865
3,3,0,IND,T,"[""Matern"", 1.5]",1.2879841322724093,0.3720651724387871
3,3,0,IND,T,"[""Matern"", 2.5]",1.289578216841638,0.360335124815792
3,3,0,IND,P,"[""RBF"", null]",209.20174865211757,66.06398971242409
3,3,0,IND,P,"[""Matern"", 0.5]",199.91569900910872,79.69144188629623
3,3,0,IND,P,"[""Matern"", 1.5]",202.42814338761409,64.77607698475327
3,3,0,IND,P,"[""Matern"", 2.5]",202.32590584958666,61.267338064257224
3,3,0,IND,TD,"[""RBF"", null]",2.2138341679869606,0.8664040921265437
3,3,0,IND,TD,"[""Matern"", 0.5]",1.8726906143046782,0.6537502287235032
3,3,0,IND,TD,"[""Matern"", 1.5]",1.9658559822297956,0.6571320420695297
3,3,0,IND,TD,"[""Matern"", 2.5]",2.0887088270914864,0.7165501607766048
3,3,1,ICM,__joint__,"[""RBF"", null]",61.22067373027689,22.5415391522865
3,3,1,ICM,__joint__,"[""Matern"", 0.5]",61.2202645932019,22.54110975343194
3,3,1,ICM,__joint__,"[""Matern"", 1.5]",61.22115458045361,22.541174627933515
3,3,1,ICM,__joint__,"[""Matern"", 2.5]",61.2208640817027,22.54126672778755
3,3,1,IND,T,"[""RBF"", null]",1.289500371904816,0.28430029706118704
3,3,1,IND,T,"[""Matern"", 0.5]",1.1238629035969374,0.2353455942259757
3,3,1,IND,T,"[""Matern"", 1.5]",1.1906554683386716,0.3219647379655413
3,3,1,IND,T,"[""Matern"", 2.5]",1.2023761738979872,0.3257818384071516
3,3,1,IND,P,"[""RBF"", null]",180.00834819164947,76.07778386361643
3,3,1,IND,P,"[""Matern"", 0.5]",164.68285749929072,49.92959371198095
3,3,1,IND,P,"[""Matern"", 1.5]",177.3895149989301,66.77130130716513
3,3,1,IND,P,"[""Matern"", 2.5]",177.98526161319913,72.31215902274923
3,3,1,IND,TD,"[""RBF"", null]",2.4461709712739905,0.3485330841724296
3,3,1,IND,TD,"[""Matern"", 0.5]",2.0545900738118883,0.6600786562734859
3,3,1,IND,TD,"[""Matern"", 1.5]",2.329565085371251,0.5151354156718299
3,3,1,IND,TD,"[""Matern"", 2.5]",2.3654121082086057,0.48195475928880305
3,3,2,ICM,__joint__,"[""RBF"", null]",65.5929751910958,27.565588014824478
3,3,2,ICM,__joint__,"[""Matern"", 0.5]",65.5925378350837,27.56357376039068
3,3,2,ICM,__joint__,"[""Matern"", 1.5]",65.59284297955905,27.56511105479647
3,3,2,ICM,__joint__,"[""Matern"", 2.5]",65.59341223962244,27.565148364342704
3,3,2,IND,T,"[""RBF"", null]",1.0231702386617152,0.27727239227250083
3,3,2,IND,T,"[""Matern"", 0.5]",0.9471624810046831,0.2626018797194424
3,3,2,IND,T,"[""Matern"", 1.5]",0.9623634938834836,0.27792842093200837
3,3,2,IND,T,"[""Matern"", 2.5]",0.8843694985212007,0.19692298291885027
3,3,2,IND,P,"[""RBF"", null]",219.62135767832837,104.22834547272116
3,3,2,IND,P,"[""Matern"", 0.5]",233.51867535876107,86.46665528605352
3,3,2,IND,P,"[""Matern"", 1.5]",230.22852764958708,73.78974965420471
3,3,2,IND,P,"[""Matern"", 2.5]",221.70294824917923,67.99601369572207
3,3,2,IND,TD,"[""RBF"", null]",2.0405590740342125,0.8997213426337257
3,3,2,IND,TD,"[""Matern"", 0.5]",1.7892774545991244,0.7187460836530847
3,3,2,IND,TD,"[""Matern"", 1.5]",1.9083143096099995,0.7404243277863017
3,3,2,IND,TD,"[""Matern"", 2.5]",2.008269706146433,0.804267351782916
3,3,3,ICM,__joint__,"[""RBF"", null]",72.34346192664117,27.690898515546184
3,3,3,ICM,__joint__,"[""Matern"", 0.5]",72.34226374208728,27.69050219813494
3,3,3,ICM,__joint__,"[""Matern"", 1.5]",72.34251092728944,27.689816651971594
3,3,3,ICM,__joint__,"[""Matern"", 2.5]",72.34290079743495,27.6910876097974
3,3,3,IND,T,"[""RBF"", null]",0.9946082614515726,0.32496465077475384
3,3,3,IND,T,"[""Matern"", 0.5]",1.1171118528098316,0.2520191892174617
3,3,3,IND,T,"[""Matern"", 1.5]",1.1128792950930093,0.3690279304844968
3,3,3,IND,T,"[""Matern"", 2.5]",0.9782458098795221,0.2815525933562758
3,3,3,IND,P,"[""RBF"", null]",267.6275134586096,69.00175221266424
3,3,3,IND,P,"[""Matern"", 0.5]",240.8209012593286,63.75521345824447
3,3,3,IND,P,"[""Matern"", 1.5]",238.68438122559206,83.0162490986721
3,3,3,IND,P,"[""Matern"", 2.5]",242.74794348368567,83.54497633885649
3,3,3,IND,TD,"[""RBF"", null]",1.795366286146217,0.3518653153995629
3,3,3,IND,TD,"[""Matern"", 0.5]",1.597975081377694,0.3060209969723709
3,3,3,IND,TD,"[""Matern"", 1.5]",1.7327900330623216,0.4265499423740197
3,3,3,IND,TD,"[""Matern"", 2.5]",1.7167266960378083,0.4102091798308152
3,3,4,ICM,__joint__,"[""RBF"", null]",67.59464423618493,22.47266530563418
3,3,4,ICM,__joint__,"[""Matern"", 0.5]",67.59566863602939,22.473251523612323
3,3,4,ICM,__joint__,"[""Matern"", 1.5]",71.04205705989925,19.777094371962864
3,3,4,ICM,__joint__,"[""Matern"", 2.5]",67.59535537762449,22.473151766915915
3,3,4,IND,T,"[""RBF"", null]",1.638090608999876,0.6158884959298901
3,3,4,IND,T,"[""Matern"", 0.5]",1.358142854652136,0.47843294008950077
3,3,4,IND,T,"[""Matern"", 1.5]",1.6168919687832797,0.4213366607277245
3,3,4,IND,T,"[""Matern"", 2.5]",1.7450160636185896,0.4066591611673145
3,3,4,IND,P,"[""RBF"", null]",210.59022605881302,48.83278594658209
3,3,4,IND,P,"[""Matern"", 0.5]",181.454249737064,73.45092679502878
3,3,4,IND,P,"[""Matern"", 1.5]",207.21714520980504,50.754313410010866
3,3,4,IND,P,"[""Matern"", 2.5]",212.92174872860346,45.6908195895832
3,3,4,IND,TD,"[""RBF"", null]",2.2738100065537874,0.7665004595871929
3,3,4,IND,TD,"[""Matern"", 0.5]",2.0158242441614003,0.7008690652240612
3,3,4,IND,TD,"[""Matern"", 1.5]",2.165911814497709,0.7940468138787325
3,3,4,IND,TD,"[""Matern"", 2.5]",2.177618522950109,0.7503882240898396
4,4,0,ICM,__joint__,"[""RBF"", null]",61.74662247322046,6.54198730700038
4,4,0,ICM,__joint__,"[""Matern"", 0.5]",61.74672878517099,6.541419613870969
4,4,0,ICM,__joint__,"[""Matern"", 1.5]",61.74713057826741,6.542161418135588
4,4,0,ICM,__joint__,"[""Matern"", 2.5]",62.00137613432842,6.826071661783228
4,4,0,IND,T,"[""RBF"", null]",0.9898178316280276,0.3053291991182177
4,4,0,IND,T,"[""Matern"", 0.5]",0.9871645327941266,0.27752562100622946
4,4,0,IND,T,"[""Matern"", 1.5]",1.0559485458805942,0.28348407103125234
4,4,0,IND,T,"[""Matern"", 2.5]",1.0953736751964862,0.2698010772465139
4,4,0,IND,P,"[""RBF"", null]",188.52040002569532,85.52235917293636
4,4,0,IND,P,"[""Matern"", 0.5]",156.5985006210759,57.53097803385582
4,4,0,IND,P,"[""Matern"", 1.5]",169.02381236753203,66.9915220359816
4,4,0,IND,P,"[""Matern"", 2.5]",178.55037146759972,78.93240342314603
4,4,0,IND,TD,"[""RBF"", null]",1.851856668887088,0.5335639870341985
4,4,0,IND,TD,"[""Matern"", 0.5]",1.8237815076039463,0.6120039910600897
4,4,0,IND,TD,"[""Matern"", 1.5]",1.8852847287355519,0.6555891376519074
4,4,0,IND,TD,"[""Matern"", 2.5]",1.8092484503493218,0.6253093687716759
4,4,1,ICM,__joint__,"[""RBF"", null]",63.97860864795357,26.51549138919609
4,4,1,ICM,__joint__,"[""Matern"", 0.5]",63.97840920111391,26.514975528791176
4,4,1,ICM,__joint__,"[""Matern"", 1.5]",63.97808607310003,26.514954186644093
4,4,1,ICM,__joint__,"[""Matern"", 2.5]",63.97817438994082,26.514741964603235
4,4,1,IND,T,"[""RBF"", null]",1.6065538616173385,0.32589635215903173
4,4,1,IND,T,"[""Matern"", 0.5]",1.2153035638441787,0.2724448825285756
4,4,1,IND,T,"[""Matern"", 1.5]",1.1788678746290004,0.27629229784634135
4,4,1,IND,T,"[""Matern"", 2.5]",1.2740736012177376,0.19514002339490663
4,4,1,IND,P,"[""RBF"", null]",237.74855087770032,97.63319101475905
4,4,1,IND,P,"[""Matern"", 0.5]",202.17888882769915,80.14436865928536
4,4,1,IND,P,"[""Matern"", 1.5]",231.26072051409398,61.41295433158278
4,4,1,IND,P,"[""Matern"", 2.5]",246.75956431827052,56.13647832689005
4,4,1,IND,TD,"[""RBF"", null]",2.3417494051130148,0.5607638733516249
4,4,1,IND,TD,"[""Matern"", 0.5]",1.9529699168500234,0.5140706581151638
4,4,1,IND,TD,"[""Matern"", 1.5]",2.1071119883472043,0.5208611173193247
4,4,1,IND,TD,"[""Matern"", 2.5]",2.1593665297156894,0.5149456264791181
4,4,2,ICM,__joint__,"[""RBF"", null]",71.80163955919542,29.951546052236655
4,4,2,ICM,__joint__,"[""Matern"", 0.5]",71.80212474349551,29.951046701849766
4,4,2,ICM,__joint__,"[""Matern"", 1.5]",71.80176462341305,29.952576969901706
4,4,2,ICM,__joint__,"[""Matern"", 2.5]",71.80155343865258,29.95238492607648
4,4,2,IND,T,"[""RBF"", null]",1.1370561102541656,0.42559212443706385
4,4,2,IND,T,"[""Matern"", 0.5]",1.026150379324622,0.3560942036472311
4,4,2,IND,T,"[""Matern"", 1.5]",1.1382316507681867,0.48383653666668386
4,4,2,IND,T,"[""Matern"", 2.5]",1.1123568184291357,0.4402729891320401
4,4,2,IND,P,"[""RBF"", null]",235.34143619028063,66.41209271908184
4,4,2,IND,P,"[""Matern"", 0.5]",205.63411075436747,77.23009950042102
4,4,2,IND,P,"[""Matern"", 1.5]",206.39467842326968,73.86853169963875
4,4,2,IND,P,"[""Matern"", 2.5]",208.74726637702753,72.09258000892572
4,4,2,IND,TD,"[""RBF"", null]",1.694394502066336,0.8882548033228029
4,4,2,IND,TD,"[""Matern"", 0.5]",1.6591681508323728,0.614876846399596
4,4,2,IND,TD,"[""Matern"", 1.5]",1.7080481002964043,0.670334532260216
4,4,2,IND,TD,"[""Matern"", 2.5]",1.7112035189696648,0.6602191158992919
4,4,3,ICM,__joint__,"[""RBF"", null]",76.94754442527703,19.380860442678852
4,4,3,ICM,__joint__,"[""Matern"", 0.5]",73.9925895157551,13.347606262981317
4,4,3,ICM,__joint__,"[""Matern"", 1.5]",76.94805130321149,19.378887261662125
4,4,3,ICM,__joint__,"[""Matern"", 2.5]",76.94817505290511,19.379091085415915
4,4,3,IND,T,"[""RBF"", null]",1.8452631779895459,0.4831759774656389
4,4,3,IND,T,"[""Matern"", 0.5]",1.293706388198761,0.3773529391496078
4,4,3,IND,T,"[""Matern"", 1.5]",1.3959490749602188,0.5025376221880788
4,4,3,IND,T,"[""Matern"", 2.5]",1.581025856369807,0.34961550526101526
4,4,3,IND,P,"[""RBF"", null]",274.8248829582534,50.43010408305925
4,4,3,IND,P,"[""Matern"", 0.5]",230.5035071126512,40.743125112918946
4,4,3,IND,P,"[""Matern"", 1.5]",247.85475266707152,53.102592628260155
4,4,3,IND,P,"[""Matern"", 2.5]",258.20854773627934,51.10963659341931
4,4,3,IND,TD,"[""RBF"", null]",2.073040570313424,0.29974845667368666
4,4,3,IND,TD,"[""Matern"", 0.5]",1.6443284143324113,0.19868933340271508
4,4,3,IND,TD,"[""Matern"", 1.5]",1.8761963761126226,0.16319306498593136
4,4,3,IND,TD,"[""Matern"", 2.5]",1.9543142540633767,0.18882550065179243
4,4,4,ICM,__joint__,"[""RBF"", null]",76.60290104163725,29.618167786659722
4,4,4,ICM,__joint__,"[""Matern"", 0.5]",76.60250746671217,29.617813668427793
4,4,4,ICM,__joint__,"[""Matern"", 1.5]",76.602589470493,29.618174175641663
4,4,4,ICM,__joint__,"[""Matern"", 2.5]",76.6034181364162,29.617259703245477
4,4,4,IND,T,"[""RBF"", null]",1.15860845019369,0.2135634717977382
4,4,4,IND,T,"[""Matern"", 0.5]",1.2393281769046938,0.2281680387605611
4,4,4,IND,T,"[""Matern"", 1.5]",1.2084092784197762,0.2459203118599996
4,4,4,IND,T,"[""Matern"", 2.5]",1.167279621014464,0.21818336012798578
4,4,4,IND,P,"[""RBF"", null]",264.6248966056438,86.06344316987622
4,4,4,IND,P,"[""Matern"", 0.5]",207.140991492197,87.82794187789692
4,4,4,IND,P,"[""Matern"", 1.5]",229.24801360640103,105.43259151704281
4,4,4,IND,P,"[""Matern"", 2.5]",230.72695370896434,105.44716385405657
4,4,4,IND,TD,"[""RBF"", null]",2.1193126307243175,0.2830017433448301
4,4,4,IND,TD,"[""Matern"", 0.5]",1.9484248804961133,0.25212343790025404
4,4,4,IND,TD,"[""Matern"", 1.5]",2.1060547590493433,0.22628155517886248
4,4,4,IND,TD,"[""Matern"", 2.5]",2.1054987453616243,0.24537184125219252
5,5,0,ICM,__joint__,"[""RBF"", null]",69.27911820077885,32.42577512478994
5,5,0,ICM,__joint__,"[""Matern"", 0.5]",66.41968290879531,27.45206907573413
5,5,0,ICM,__joint__,"[""Matern"", 1.5]",66.41992952511944,27.452408641400915
5,5,0,ICM,__joint__,"[""Matern"", 2.5]",66.41981570197308,27.452166627645635
5,5,0,IND,T,"[""RBF"", null]",1.3524154663871097,0.30778949074133066
5,5,0,IND,T,"[""Matern"", 0.5]",1.3708831460680255,0.2987205973846039
5,5,0,IND,T,"[""Matern"", 1.5]",1.3863173388507792,0.2274341850091477
5,5,0,IND,T,"[""Matern"", 2.5]",1.384448284189126,0.2346572114126433
5,5,0,IND,P,"[""RBF"", null]",249.97200658138075,51.139131822806426
5,5,0,IND,P,"[""Matern"", 0.5]",202.88722493065046,71.31783551813358
5,5,0,IND,P,"[""Matern"", 1.5]",227.73682327430055,70.73856800663549
5,5,0,IND,P,"[""Matern"", 2.5]",235.6138548497107,60.115887437822344
5,5,0,IND,TD,"[""RBF"", null]",1.8210607678594617,0.39229265408458214
5,5,0,IND,TD,"[""Matern"", 0.5]",1.7764482834513184,0.3106306857161455
5,5,0,IND,TD,"[""Matern"", 1.5]",1.8844264896802188,0.4185843885473874
5,5,0,IND,TD,"[""Matern"", 2.5]",1.837692332407752,0.3859324391475369
5,5,1,ICM,__joint__,"[""RBF"", null]",62.689550201912894,11.176403791807495
5,5,1,ICM,__joint__,"[""Matern"", 0.5]",62.68951355392437,11.176675543984922
5,5,1,ICM,__joint__,"[""Matern"", 1.5]",62.688967698194645,11.176398415463678
5,5,1,ICM,__joint__,"[""Matern"", 2.5]",62.69036044945572,11.17737979316133
5,5,1,IND,T,"[""RBF"", null]",1.3586279773272687,0.20579441872537682
5,5,1,IND,T,"[""Matern"", 0.5]",1.2158421256820702,0.18838658070889427
5,5,1,IND,T,"[""Matern"", 1.5]",1.328080324820918,0.1780094093489228
5,5,1,IND,T,"[""Matern"", 2.5]",1.338609911673243,0.19545533010229776
5,5,1,IND,P,"[""RBF"", null]",192.17189551650284,61.67509015407377
5,5,1,IND,P,"[""Matern"", 0.5]",193.19467828193552,47.321080137855105
5,5,1,IND,P,"[""Matern"", 1.5]",186.39330018695907,49.78108073081927
5,5,1,IND,P,"[""Matern"", 2.5]",192.12373548235593,53.95361670661065
5,5,1,IND,TD,"[""RBF"", null]",2.1648152474891083,0.4902659244549624
5,5,1,IND,TD,"[""Matern"", 0.5]",1.9066764566808314,0.4154363774184887
5,5,1,IND,TD,"[""Matern"", 1.5]",2.026369207589666,0.5124441365835706
5,5,1,IND,TD,"[""Matern"", 2.5]",2.056888342513083,0.5236849308766712
5,5,2,ICM,__joint__,"[""RBF"", null]",70.56246342533112,20.411654392096324
5,5,2,ICM,__joint__,"[""Matern"", 0.5]",70.56270161997628,20.410809478285465
5,5,2,ICM,__joint__,"[""Matern"", 1.5]",70.56157082334227,20.411399092613284
5,5,2,ICM,__joint__,"[""Matern"", 2.5]",70.56230267925241,20.41147928395864
5,5,2,IND,T,"[""RBF"", null]",1.3890301445503197,0.47949245467836576
5,5,2,IND,T,"[""Matern"", 0.5]",1.263622850582993,0.2608004411531285
5,5,2,IND,T,"[""Matern"", 1.5]",1.4068218219539017,0.4079127458742411
5,5,2,IND,T,"[""Matern"", 2.5]",1.4174737341846675,0.46790378271007643
5,5,2,IND,P,"[""RBF"", null]",235.94460504470186,87.9317476957794
5,5,2,IND,P,"[""Matern"", 0.5]",207.41543778253518,44.98197368003017
5,5,2,IND,P,"[""Matern"", 1.5]",187.20564512007078,37.044076556417885
5,5,2,IND,P,"[""Matern"", 2.5]",187.1012144399181,40.854980579192066
5,5,2,IND,TD,"[""RBF"", null]",2.1834333253806215,0.412037805018663
5,5,2,IND,TD,"[""Matern"", 0.5]",1.9365978445506395,0.4149461910310373
5,5,2,IND,TD,"[""Matern"", 1.5]",2.072890000394259,0.44459006125545875
5,5,2,IND,TD,"[""Matern"", 2.5]",2.096524118302968,0.44261574582375757
5,5,3,ICM,__joint__,"[""RBF"", null]",68.9750231635235,41.52294177176466
5,5,3,ICM,__joint__,"[""Matern"", 0.5]",68.97481608881414,41.52327931204428
5,5,3,ICM,__joint__,"[""Matern"", 1.5]",68.9750095672819,41.523634526483534
5,5,3,ICM,__joint__,"[""Matern"", 2.5]",68.97462419105352,41.52257892264455
5,5,3,IND,T,"[""RBF"", null]",0.8475622603676427,0.1540041031343691
5,5,3,IND,T,"[""Matern"", 0.5]",0.8661174198116919,0.15670738592798278
5,5,3,IND,T,"[""Matern"", 1.5]",0.8674729356501707,0.18068154380708598
5,5,3,IND,T,"[""Matern"", 2.5]",0.8668987126840397,0.18268173205028532
5,5,3,IND,P,"[""RBF"", null]",223.26030459224302,108.68042327025628
5,5,3,IND,P,"[""Matern"", 0.5]",210.5201373439796,129.28263574218354
5,5,3,IND,P,"[""Matern"", 1.5]",227.7590379493608,99.69049459446627
5,5,3,IND,P,"[""Matern"", 2.5]",242.5676703609958,101.98273566976691
5,5,3,IND,TD,"[""RBF"", null]",1.5499264167163058,0.41996439206597963
5,5,3,IND,TD,"[""Matern"", 0.5]",1.284446830274041,0.4215965287272797
5,5,3,IND,TD,"[""Matern"", 1.5]",1.4570262592471104,0.42061713210213936
5,5,3,IND,TD,"[""Matern"", 2.5]",1.494059913306866,0.473173254402186
5,5,4,ICM,__joint__,"[""RBF"", null]",66.64397061672224,27.570464682301644
5,5,4,ICM,__joint__,"[""Matern"", 0.5]",66.64382174439609,27.57016034242725
5,5,4,ICM,__joint__,"[""Matern"", 1.5]",66.64321263041363,27.570448623935594
5,5,4,ICM,__joint__,"[""Matern"", 2.5]",66.64396086500038,27.570853173983448
5,5,4,IND,T,"[""RBF"", null]",1.3941004806923516,0.44245285189087735
5,5,4,IND,T,"[""Matern"", 0.5]",1.1404735660322864,0.30938729064453313
5,5,4,IND,T,"[""Matern"", 1.5]",1.3057431396924675,0.3941104737256472
5,5,4,IND,T,"[""Matern"", 2.5]",1.4320705008699746,0.3277626127331351
5,5,4,IND,P,"[""RBF"", null]",280.1876360504836,89.8537125065918
5,5,4,IND,P,"[""Matern"", 0.5]",190.93459402590048,91.22447137173396
5,5,4,IND,P,"[""Matern"", 1.5]",236.31800460173108,94.19810862959189
5,5,4,IND,P,"[""Matern"", 2.5]",254.3908147760937,90.92437613109945
5,5,4,IND,TD,"[""RBF"", null]",2.2358508922383376,0.524597383728456
5,5,4,IND,TD,"[""Matern"", 0.5]",1.9857043094189142,0.5178343600115832
5,5,4,IND,TD,"[""Matern"", 1.5]",2.0746645148474423,0.49854242752962585
5,5,4,IND,TD,"[""Matern"", 2.5]",2.1651570564114433,0.5582464647335448
6,6,0,ICM,__joint__,"[""RBF"", null]",86.59920040462515,31.078041653003062
6,6,0,ICM,__joint__,"[""Matern"", 0.5]",86.59764840730361,31.078265211145457
6,6,0,ICM,__joint__,"[""Matern"", 1.5]",86.59835782103954,31.08068109448064
6,6,0,ICM,__joint__,"[""Matern"", 2.5]",86.59721169698484,31.07674521494289
6,6,0,IND,T,"[""RBF"", null]",1.3619096732242455,0.1891438561076194
6,6,0,IND,T,"[""Matern"", 0.5]",1.1912071511072513,0.14576405929517902
6,6,0,IND,T,"[""Matern"", 1.5]",1.255758354753845,0.22312602415039892
6,6,0,IND,T,"[""Matern"", 2.5]",1.3338206961710188,0.1582059246241502
6,6,0,IND,P,"[""RBF"", null]",242.70843470270728,80.19444176027233
6,6,0,IND,P,"[""Matern"", 0.5]",203.5994930107318,58.96690080692005
6,6,0,IND,P,"[""Matern"", 1.5]",213.89269815693706,82.70792001384464
6,6,0,IND,P,"[""Matern"", 2.5]",221.0530723571623,90.9764169974846
6,6,0,IND,TD,"[""RBF"", null]",2.0902714865067824,0.6803822040986446
6,6,0,IND,TD,"[""Matern"", 0.5]",1.7968553505619014,0.6141512795664225
6,6,0,IND,TD,"[""Matern"", 1.5]",2.0010425566149377,0.7452933700224924
6,6,0,IND,TD,"[""Matern"", 2.5]",2.1723155648853245,0.7438206499048076
6,6,1,ICM,__joint__,"[""RBF"", null]",56.67699844252074,9.175181463636752
6,6,1,ICM,__joint__,"[""Matern"", 0.5]",56.67649733391703,9.17439197339577
6,6,1,ICM,__joint__,"[""Matern"", 1.5]",56.67587203491261,9.17455630211329
6,6,1,ICM,__joint__,"[""Matern"", 2.5]",56.675464181512346,9.173560268287218
6,6,1,IND,T,"[""RBF"", null]",1.4757235323571927,0.624846860828849
6,6,1,IND,T,"[""Matern"", 0.5]",1.3898967412214258,0.5083328615436886
6,6,1,IND,T,"[""Matern"", 1.5]",1.3961091880626397,0.5079657302476355
6,6,1,IND,T,"[""Matern"", 2.5]",1.4063676979415403,0.5304139248102955
6,6,1,IND,P,"[""RBF"", null]",179.7791969103049,36.13609306953147
6,6,1,IND,P,"[""Matern"", 0.5]",206.90196540403502,17.98831166336915
6,6,1,IND,P,"[""Matern"", 1.5]",181.0932267339852,33.05988030620679
6,6,1,IND,P,"[""Matern"", 2.5]",184.71768837686722,35.390467866013466
6,6,1,IND,TD,"[""RBF"", null]",2.3357690377444005,0.2333076868808754
6,6,1,IND,TD,"[""Matern"", 0.5]",1.7578312629080404,0.14632764496999115
6,6,1,IND,TD,"[""Matern"", 1.5]",1.91736545736727,0.17903346708284867
6,6,1,IND,TD,"[""Matern"", 2.5]",1.9964270128155186,0.2174153737265368
6,6,2,ICM,__joint__,"[""RBF"", null]",78.4314651547187,31.97805009017479
6,6,2,ICM,__joint__,"[""Matern"", 0.5]",78.43216005703945,31.97842110464111
6,6,2,ICM,__joint__,"[""Matern"", 1.5]",78.43184623870427,31.978045026373803
6,6,2,ICM,__joint__,"[""Matern"", 2.5]",78.4320861634592,31.977856031014237
6,6,2,IND,T,"[""RBF"", null]",1.6312709722348644,0.4068265399675152
6,6,2,IND,T,"[""Matern"", 0.5]",1.1063051703938702,0.2187721068561694
6,6,2,IND,T,"[""Matern"", 1.5]",1.3610821505677877,0.3720240200785376
6,6,2,IND,T,"[""Matern"", 2.5]",1.4246504839504734,0.3661998900480472
6,6,2,IND,P,"[""RBF"", null]",306.11843800580397,59.05444466343209
6,6,2,IND,P,"[""Matern"", 0.5]",214.9738137480379,74.69027837982074
6,6,2,IND,P,"[""Matern"", 1.5]",231.30919476542658,78.44500648267976
6,6,2,IND,P,"[""Matern"", 2.5]",247.0864228677254,71.69932866422565
6,6,2,IND,TD,"[""RBF"", null]",2.1110785026371035,0.4254621751627619
6,6,2,IND,TD,"[""Matern"", 0.5]",1.8514288419964777,0.5806725026429044
6,6,2,IND,TD,"[""Matern"", 1.5]",1.9507389772932562,0.5516190596239848
6,6,2,IND,TD,"[""Matern"", 2.5]",1.990681186913181,0.5157072919263732
6,6,3,ICM,__joint__,"[""RBF"", null]",72.64320815637186,14.487247396262758
6,6,3,ICM,__joint__,"[""Matern"", 0.5]",72.64374914682953,14.486855330421445
6,6,3,ICM,__joint__,"[""Matern"", 1.5]",72.64347353738616,14.48719828426838
6,6,3,ICM,__joint__,"[""Matern"", 2.5]",72.64337690871602,14.486548649775102
6,6,3,IND,T,"[""RBF"", null]",1.1030532736362952,0.13524029793372203
6,6,3,IND,T,"[""Matern"", 0.5]",1.0540582075104834,0.09786055341573159
6,6,3,IND,T,"[""Matern"", 1.5]",1.1353862931839867,0.18281870583636628
6,6,3,IND,T,"[""Matern"", 2.5]",1.136349094226206,0.16217907681963173
6,6,3,IND,P,"[""RBF"", null]",225.78598918991526,52.01593733932363
6,6,3,IND,P,"[""Matern"", 0.5]",211.33798062642435,55.348514201589325
6,6,3,IND,P,"[""Matern"", 1.5]",215.32726778088963,60.445336414203254
6,6,3,IND,P,"[""Matern"", 2.5]",220.03166680100335,60.30377765134857
6,6,3,IND,TD,"[""RBF"", null]",1.9704230140066348,0.2841770928829968
6,6,3,IND,TD,"[""Matern"", 0.5]",1.7749580995003669,0.2336524379857008
6,6,3,IND,TD,"[""Matern"", 1.5]",1.8663962088400137,0.25000144005532526
6,6,3,IND,TD,"[""Matern"", 2.5]",1.9249575094453362,0.2434527352168555
6,6,4,ICM,__joint__,"[""RBF"", null]",74.92300277985046,18.946653539649564
6,6,4,ICM,__joint__,"[""Matern"", 0.5]",74.92366662576322,18.946094093047666
6,6,4,ICM,__joint__,"[""Matern"", 1.5]",74.92317161155779,18.946247738384205
6,6,4,ICM,__joint__,"[""Matern"", 2.5]",73.77420295108644,20.366818577856638
6,6,4,IND,T,"[""RBF"", null]",0.9707634610270116,0.21180427485807213
6,6,4,IND,T,"[""Matern"", 0.5]",0.9572081494821104,0.30374386199004466
6,6,4,IND,T,"[""Matern"", 1.5]",0.9515357685001582,0.26836721900556276
6,6,4,IND,T,"[""Matern"", 2.5]",0.9435844082943584,0.2565783910645527
6,6,4,IND,P,"[""RBF"", null]",242.55224990606476,68.72117862734042
6,6,4,IND,P,"[""Matern"", 0.5]",214.01900391294876,69.23365145176969
6,6,4,IND,P,"[""Matern"", 1.5]",211.60443962712216,69.52143595561992
6,6,4,IND,P,"[""Matern"", 2.5]",213.75474915365953,66.86461499616654
6,6,4,IND,TD,"[""RBF"", null]",1.817596566132202,0.44086219868653453
6,6,4,IND,TD,"[""Matern"", 0.5]",1.5551070623542094,0.3863801403164411
6,6,4,IND,TD,"[""Matern"", 1.5]",1.701426830896618,0.4091189729568645
6,6,4,IND,TD,"[""Matern"", 2.5]",1.7091675310148404,0.4340994037108337
7,7,0,ICM,__joint__,"[""RBF"", null]",58.7577458181975,7.88454439503603
7,7,0,ICM,__joint__,"[""Matern"", 0.5]",58.75769391309605,7.88457092509508
7,7,0,ICM,__joint__,"[""Matern"", 1.5]",58.757402592372344,7.883488340827816
7,7,0,ICM,__joint__,"[""Matern"", 2.5]",58.756639347557325,7.883207713516562
7,7,0,IND,T,"[""RBF"", null]",1.7334895453069017,0.7014277593172924
7,7,0,IND,T,"[""Matern"", 0.5]",1.2975420998889526,0.2096958239715586
7,7,0,IND,T,"[""Matern"", 1.5]",1.5489013973979513,0.29370525121430674
7,7,0,IND,T,"[""Matern"", 2.5]",1.5938760583888767,0.28690800179722004
7,7,0,IND,P,"[""RBF"", null]",190.69117142748996,24.27046356803859
7,7,0,IND,P,"[""Matern"", 0.5]",174.71578761745323,42.23605158391296
7,7,0,IND,P,"[""Matern"", 1.5]",172.72662794525527,29.487458625853353
7,7,0,IND,P,"[""Matern"", 2.5]",176.65186308907184,23.871610359509823
7,7,0,IND,TD,"[""RBF"", null]",1.9250613827494782,0.12029805257007761
7,7,0,IND,TD,"[""Matern"", 0.5]",1.6324553083970268,0.2567928585687001
7,7,0,IND,TD,"[""Matern"", 1.5]",1.7504512775717391,0.26277843857177297
7,7,0,IND,TD,"[""Matern"", 2.5]",1.8068073085178349,0.2450954979043257
7,7,1,ICM,__joint__,"[""RBF"", null]",63.6975370944235,30.840748813711375
7,7,1,ICM,__joint__,"[""Matern"", 0.5]",63.69802033878658,30.840210667459388
7,7,1,ICM,__joint__,"[""Matern"", 1.5]",62.10186684684733,27.581433629507362
7,7,1,ICM,__joint__,"[""Matern"", 2.5]",62.10169903014455,27.578984849816912
7,7,1,IND,T,"[""RBF"", null]",1.3585062625775393,0.6073778038301666
7,7,1,IND,T,"[""Matern"", 0.5]",1.13274186350121,0.38309531781420086
7,7,1,IND,T,"[""Matern"", 1.5]",1.1143572933048032,0.39652506659883874
7,7,1,IND,T,"[""Matern"", 2.5]",1.1124823980980456,0.3739256136315447
7,7,1,IND,P,"[""RBF"", null]",233.13015758408355,99.55188714863397
7,7,1,IND,P,"[""Matern"", 0.5]",184.16328874870044,89.5860018590575
7,7,1,IND,P,"[""Matern"", 1.5]",216.79227441253502,83.16772466223838
7,7,1,IND,P,"[""Matern"", 2.5]",222.33200534963348,90.48425767785112
7,7,1,IND,TD,"[""RBF"", null]",2.0359616782015886,0.6171696176228629
7,7,1,IND,TD,"[""Matern"", 0.5]",1.8624225484440913,0.5619630709443084
7,7,1,IND,TD,"[""Matern"", 1.5]",2.0031302709899164,0.6591537164715207
7,7,1,IND,TD,"[""Matern"", 2.5]",2.0519777041926224,0.6398553352190118
7,7,2,ICM,__joint__,"[""RBF"", null]",63.30784912543434,25.490807764142392
7,7,2,ICM,__joint__,"[""Matern"", 0.5]",63.307177296938804,25.490311465484517
7,7,2,ICM,__joint__,"[""Matern"", 1.5]",63.30687112828481,25.49107539200087
7,7,2,ICM,__joint__,"[""Matern"", 2.5]",63.30758637502741,25.490803810212245
7,7,2,IND,T,"[""RBF"", null]",0.9983882172442474,0.37585621746057785
7,7,2,IND,T,"[""Matern"", 0.5]",1.0651908072704726,0.3675260465047179
7,7,2,IND,T,"[""Matern"", 1.5]",1.0683440021657886,0.4376430213956627
7,7,2,IND,T,"[""Matern"", 2.5]",1.2453124935553135,0.4184344868667195
7,7,2,IND,P,"[""RBF"", null]",238.84157515818978,32.18792997980566
7,7,2,IND,P,"[""Matern"", 0.5]",189.78337646189908,84.8672936381975
7,7,2,IND,P,"[""Matern"", 1.5]",205.44563532590345,67.88941521963648
7,7,2,IND,P,"[""Matern"", 2.5]",216.2232815852811,55.77260347466349
7,7,2,IND,TD,"[""RBF"", null]",1.9177486592187338,0.5054073076719269
7,7,2,IND,TD,"[""Matern"", 0.5]",1.5677307885515446,0.44487011173502417
7,7,2,IND,TD,"[""Matern"", 1.5]",1.8177754046448615,0.5107855338174303
7,7,2,IND,TD,"[""Matern"", 2.5]",1.8084150486134738,0.4169075516160833
7,7,3,ICM,__joint__,"[""RBF"", null]",79.33980242238776,32.80639039524981
7,7,3,ICM,__joint__,"[""Matern"", 0.5]",77.61307472569987,32.85607657246268
7,7,3,ICM,__joint__,"[""Matern"", 1.5]",79.3411702920741,32.806099768374416
7,7,3,ICM,__joint__,"[""Matern"", 2.5]",79.34083777976439,32.80658257436235
7,7,3,IND,T,"[""RBF"", null]",1.3228300298452982,0.5541181695092642
7,7,3,IND,T,"[""Matern"", 0.5]",1.2945882968162106,0.310250281608685
7,7,3,IND,T,"[""Matern"", 1.5]",1.421313583130678,0.5576162873484081
7,7,3,IND,T,"[""Matern"", 2.5]",1.4001537915500357,0.5666962108771677
7,7,3,IND,P,"[""RBF"", null]",230.89146892153258,104.48053090892535
7,7,3,IND,P,"[""Matern"", 0.5]",227.38645989095448,111.76007601078183
7,7,3,IND,P,"[""Matern"", 1.5]",255.0926096933268,98.00478217017725
7,7,3,IND,P,"[""Matern"", 2.5]",245.24206238409306,73.48470357859779
7,7,3,IND,TD,"[""RBF"", null]",2.5634311540550376,0.3453753108771829
7,7,3,IND,TD,"[""Matern"", 0.5]",2.336186511573967,0.3782241879353705
7,7,3,IND,TD,"[""Matern"", 1.5]",2.5474677095399647,0.45388762620726125
7,7,3,IND,TD,"[""Matern"", 2.5]",2.589443289799495,0.4378234710125171
7,7,4,ICM,__joint__,"[""RBF"", null]",71.31128710713656,19.108374410744677
7,7,4,ICM,__joint__,"[""Matern"", 0.5]",71.31132301737458,19.110031226016375
7,7,4,ICM,__joint__,"[""Matern"", 1.5]",71.31062777284822,19.109276519731914
7,7,4,ICM,__joint__,"[""Matern"", 2.5]",71.3113261554874,19.108022022887347
7,7,4,IND,T,"[""RBF"", null]",0.9692184345768634,0.2863369729841598
7,7,4,IND,T,"[""Matern"", 0.5]",0.9643153077847405,0.3001612011303046
7,7,4,IND,T,"[""Matern"", 1.5]",1.0002881565004622,0.33111223618726043
7,7,4,IND,T,"[""Matern"", 2.5]",1.0230923622612382,0.31795330696205615
7,7,4,IND,P,"[""RBF"", null]",230.9540931232072,58.64271907965703
7,7,4,IND,P,"[""Matern"", 0.5]",222.47829758921176,56.24181759297103
7,7,4,IND,P,"[""Matern"", 1.5]",247.2204709812998,100.1209768158882
7,7,4,IND,P,"[""Matern"", 2.5]",250.55490767481803,109.13383999583833
7,7,4,IND,TD,"[""RBF"", null]",2.1187956906280028,0.6330680167606023
7,7,4,IND,TD,"[""Matern"", 0.5]",1.9007730711911832,0.5292240727069037
7,7,4,IND,TD,"[""Matern"", 1.5]",1.9259600249893936,0.39517683570215106
7,7,4,IND,TD,"[""Matern"", 2.5]",1.9433608802097297,0.4034525831340048
8,8,0,ICM,__joint__,"[""RBF"", null]",95.9280684798654,23.864456282094352
8,8,0,ICM,__joint__,"[""Matern"", 0.5]",95.93093031030864,23.8619581254738
8,8,0,ICM,__joint__,"[""Matern"", 1.5]",89.43522876940207,32.13512966729622
8,8,0,ICM,__joint__,"[""Matern"", 2.5]",95.9264649049965,23.86460152497333
8,8,0,IND,T,"[""RBF"", null]",1.5357005128117494,0.4766314086134564
8,8,0,IND,T,"[""Matern"", 0.5]",1.3033362028494557,0.1055194178753509
8,8,0,IND,T,"[""Matern"", 1.5]",1.3498237630830219,0.2913883567081661
8,8,0,IND,T,"[""Matern"", 2.5]",1.313389427750109,0.33186110407974156
8,8,0,IND,P,"[""RBF"", null]",315.76531753985535,55.15611997113513
8,8,0,IND,P,"[""Matern"", 0.5]",207.07701997845925,102.7062883906338
8,8,0,IND,P,"[""Matern"", 1.5]",263.808781488509,71.03014599864825
8,8,0,IND,P,"[""Matern"", 2.5]",276.5686780821883,60.691939649116875
8,8,0,IND,TD,"[""RBF"", null]",2.2383322071967298,0.163639617287129
8,8,0,IND,TD,"[""Matern"", 0.5]",1.91404523462035,0.3466270894841228
8,8,0,IND,TD,"[""Matern"", 1.5]",2.1213217326067744,0.31752953671518364
8,8,0,IND,TD,"[""Matern"", 2.5]",2.2093121013863923,0.232692806780858
8,8,1,ICM,__joint__,"[""RBF"", null]",81.55795068274128,14.51204951400393
8,8,1,ICM,__joint__,"[""Matern"", 0.5]",81.55836523081399,14.513342412143867
8,8,1,ICM,__joint__,"[""Matern"", 1.5]",73.94703808615236,19.4830937439649
8,8,1,ICM,__joint__,"[""Matern"", 2.5]",81.556298919574,14.51194485996797
8,8,1,IND,T,"[""RBF"", null]",1.5090512769820374,0.5707595106808665
8,8,1,IND,T,"[""Matern"", 0.5]",1.279902594023352,0.1847306754831206
8,8,1,IND,T,"[""Matern"", 1.5]",1.3250397949992365,0.4025043821963456
8,8,1,IND,T,"[""Matern"", 2.5]",1.3308354255643973,0.4591042190874026
8,8,1,IND,P,"[""RBF"", null]",280.7959053219409,48.92188477150877
8,8,1,IND,P,"[""Matern"", 0.5]",215.060222760421,75.60845342231536
8,8,1,IND,P,"[""Matern"", 1.5]",232.188740090552,46.398570473032514
8,8,1,IND,P,"[""Matern"", 2.5]",245.2211710538695,32.33319049031471
8,8,1,IND,TD,"[""RBF"", null]",2.236005845932774,0.49442121715802284
8,8,1,IND,TD,"[""Matern"", 0.5]",2.0323297755712004,0.47752730900382345
8,8,1,IND,TD,"[""Matern"", 1.5]",2.1677535634316216,0.6738766555972096
8,8,1,IND,TD,"[""Matern"", 2.5]",2.1926940463094677,0.7084652691545933
8,8,2,ICM,__joint__,"[""RBF"", null]",72.83308671060145,27.833114641006958
8,8,2,ICM,__joint__,"[""Matern"", 0.5]",72.83307356032724,27.831407828371336
8,8,2,ICM,__joint__,"[""Matern"", 1.5]",72.83613689375463,27.83232972441362
8,8,2,ICM,__joint__,"[""Matern"", 2.5]",72.83547769118285,27.829783609591196
8,8,2,IND,T,"[""RBF"", null]",1.0335881137161937,0.3783039497555205
8,8,2,IND,T,"[""Matern"", 0.5]",0.9345994841421075,0.2503596230750522
8,8,2,IND,T,"[""Matern"", 1.5]",1.0160021953630685,0.3356767004920056
8,8,2,IND,T,"[""Matern"", 2.5]",1.0232044548987336,0.34372568775136203
8,8,2,IND,P,"[""RBF"", null]",290.28653245806595,74.53365356816403
8,8,2,IND,P,"[""Matern"", 0.5]",227.75417724728499,90.75479191824653
8,8,2,IND,P,"[""Matern"", 1.5]",270.90793988649546,41.192713436770866
8,8,2,IND,P,"[""Matern"", 2.5]",281.7189807874876,46.60212630067802
8,8,2,IND,TD,"[""RBF"", null]",2.2659244918126995,0.7119584998481465
8,8,2,IND,TD,"[""Matern"", 0.5]",1.504884217679263,0.6564510687279562
8,8,2,IND,TD,"[""Matern"", 1.5]",1.8134574017262814,0.7465657148560887
8,8,2,IND,TD,"[""Matern"", 2.5]",1.9248975178071732,0.6988304133723183
8,8,3,ICM,__joint__,"[""RBF"", null]",65.8799122654145,21.84597244839215
8,8,3,ICM,__joint__,"[""Matern"", 0.5]",65.87963941615286,21.84625876060877
8,8,3,ICM,__joint__,"[""Matern"", 1.5]",65.8787312295145,21.84625202512649
8,8,3,ICM,__joint__,"[""Matern"", 2.5]",65.87911800132295,21.845653647545245
8,8,3,IND,T,"[""RBF"", null]",1.0796917968486581,0.4177485474971573
8,8,3,IND,T,"[""Matern"", 0.5]",1.1419655431445155,0.3577968212145896
8,8,3,IND,T,"[""Matern"", 1.5]",1.1055341659173672,0.45816477684912377
8,8,3,IND,T,"[""Matern"", 2.5]",1.0946135909757764,0.4384171093277179
8,8,3,IND,P,"[""RBF"", null]",234.3614720312256,57.73913826523664
8,8,3,IND,P,"[""Matern"", 0.5]",221.7727046586412,79.75402274257958
8,8,3,IND,P,"[""Matern"", 1.5]",236.6584850441876,62.43273317871803
8,8,3,IND,P,"[""Matern"", 2.5]",240.27942378156663,62.80694276150878
8,8,3,IND,TD,"[""RBF"", null]",1.8373036894657382,0.25532870373575867
8,8,3,IND,TD,"[""Matern"", 0.5]",1.6077072440179627,0.3085555954529509
8,8,3,IND,TD,"[""Matern"", 1.5]",1.687624975251227,0.3321753803433709
8,8,3,IND,TD,"[""Matern"", 2.5]",1.7427649785209838,0.28083771318312195
8,8,4,ICM,__joint__,"[""RBF"", null]",63.06543538583535,31.770268040416948
8,8,4,ICM,__joint__,"[""Matern"", 0.5]",63.066450105251974,31.77048096601284
8,8,4,ICM,__joint__,"[""Matern"", 1.5]",60.66152719591489,28.030487172381164
8,8,4,ICM,__joint__,"[""Matern"", 2.5]",63.065568925747755,31.769369396464334
8,8,4,IND,T,"[""RBF"", null]",1.55642449174069,0.7256301424572494
8,8,4,IND,T,"[""Matern"", 0.5]",1.0940519612012067,0.479116654100251
8,8,4,IND,T,"[""Matern"", 1.5]",1.2650142135204665,0.630116801879707
8,8,4,IND,T,"[""Matern"", 2.5]",1.314956770592506,0.6982339891034425
8,8,4,IND,P,"[""RBF"", null]",176.16963274284936,66.92425088399116
8,8,4,IND,P,"[""Matern"", 0.5]",166.43221096978164,81.52890635196113
8,8,4,IND,P,"[""Matern"", 1.5]",170.37830936864262,70.50736094301173
8,8,4,IND,P,"[""Matern"", 2.5]",179.813055990526,71.05171783682825
8,8,4,IND,TD,"[""RBF"", null]",1.8836790466283317,0.3330794682102953
8,8,4,IND,TD,"[""Matern"", 0.5]",1.7911261840258597,0.7427114573606061
8,8,4,IND,TD,"[""Matern"", 1.5]",2.054450044588201,0.5895056522776972
8,8,4,IND,TD,"[""Matern"", 2.5]",2.0820856426719354,0.5462551798986807
9,9,0,ICM,__joint__,"[""RBF"", null]",63.32503176809348,28.91987620225504
9,9,0,ICM,__joint__,"[""Matern"", 0.5]",63.32519352009463,28.919291108491187
9,9,0,ICM,__joint__,"[""Matern"", 1.5]",63.326418082408885,28.91963570798339
9,9,0,ICM,__joint__,"[""Matern"", 2.5]",63.32611457386004,28.92018291026478
9,9,0,IND,T,"[""RBF"", null]",1.0226518461314094,0.11733627644099809
9,9,0,IND,T,"[""Matern"", 0.5]",1.2380410458488276,0.260067780655355
9,9,0,IND,T,"[""Matern"", 1.5]",1.2456861460067121,0.399237487221601
9,9,0,IND,T,"[""Matern"", 2.5]",1.0256943512083017,0.12505663542991746
9,9,0,IND,P,"[""RBF"", null]",262.05255974013636,129.70870297232503
9,9,0,IND,P,"[""Matern"", 0.5]",190.72669238304792,70.99357514782494
9,9,0,IND,P,"[""Matern"", 1.5]",214.7364131072124,96.60461546550695
9,9,0,IND,P,"[""Matern"", 2.5]",232.22960069332765,105.03170547400008
9,9,0,IND,TD,"[""RBF"", null]",1.6136344585955313,0.45872165878582627
9,9,0,IND,TD,"[""Matern"", 0.5]",1.592683372852113,0.1767018775530252
9,9,0,IND,TD,"[""Matern"", 1.5]",1.4685095976858094,0.33066599428343946
9,9,0,IND,TD,"[""Matern"", 2.5]",1.5423541216774175,0.4306561087673592
9,9,1,ICM,__joint__,"[""RBF"", null]",77.45568351377571,21.23390941477949
9,9,1,ICM,__joint__,"[""Matern"", 0.5]",77.45320929891074,21.235592370516912
9,9,1,ICM,__joint__,"[""Matern"", 1.5]",77.45382043234669,21.233536090163966
9,9,1,ICM,__joint__,"[""Matern"", 2.5]",77.4541354009381,21.234863706487022
9,9,1,IND,T,"[""RBF"", null]",1.389580476691529,0.42982496097302403
9,9,1,IND,T,"[""Matern"", 0.5]",1.160065403120964,0.3559897376782927
9,9,1,IND,T,"[""Matern"", 1.5]",1.248641638601766,0.299471163318413
9,9,1,IND,T,"[""Matern"", 2.5]",1.2331559511588348,0.2423711530784009
9,9,1,IND,P,"[""RBF"", null]",249.45416796773452,91.0506324107416
9,9,1,IND,P,"[""Matern"", 0.5]",232.99537630702017,63.862606791230895
9,9,1,IND,P,"[""Matern"", 1.5]",231.59129721479894,68.5487376016413
9,9,1,IND,P,"[""Matern"", 2.5]",229.30874883484594,66.83209763157556
9,9,1,IND,TD,"[""RBF"", null]",2.249695185800319,0.7383271409588658
9,9,1,IND,TD,"[""Matern"", 0.5]",1.69929810178555,0.48145490973962246
9,9,1,IND,TD,"[""Matern"", 1.5]",1.9833162763998575,0.7029079933821487
9,9,1,IND,TD,"[""Matern"", 2.5]",2.0613065717262824,0.7095968983711395
9,9,2,ICM,__joint__,"[""RBF"", null]",71.37036262359165,21.707383356522218
9,9,2,ICM,__joint__,"[""Matern"", 0.5]",71.37068654036602,21.707558316416687
9,9,2,ICM,__joint__,"[""Matern"", 1.5]",71.37039964230829,21.706838940248403
9,9,2,ICM,__joint__,"[""Matern"", 2.5]",71.3712863545085,21.70699989792164
9,9,2,IND,T,"[""RBF"", null]",1.0701778763774257,0.22133734958491255
9,9,2,IND,T,"[""Matern"", 0.5]",1.0190776840031117,0.18544878586221375
9,9,2,IND,T,"[""Matern"", 1.5]",1.0516519578282828,0.20785512943866402
9,9,2,IND,T,"[""Matern"", 2.5]",1.054315646988784,0.2109066090347162
9,9,2,IND,P,"[""RBF"", null]",227.97383540256087,66.44839359713659
9,9,2,IND,P,"[""Matern"", 0.5]",229.11888037114645,85.76562482006621
9,9,2,IND,P,"[""Matern"", 1.5]",224.32635536115868,82.82044721477969
9,9,2,IND,P,"[""Matern"", 2.5]",228.0252107227071,77.71113113499145
9,9,2,IND,TD,"[""RBF"", null]",1.7656984990101623,0.18805200218730106
9,9,2,IND,TD,"[""Matern"", 0.5]",1.888727492120869,0.2473173880650744
9,9,2,IND,TD,"[""Matern"", 1.5]",1.8070338081590869,0.2825487585748869
9,9,2,IND,TD,"[""Matern"", 2.5]",1.784225949833956,0.2677578286745726
9,9,3,ICM,__joint__,"[""RBF"", null]",64.74278604507597,22.062891569630267
9,9,3,ICM,__joint__,"[""Matern"", 0.5]",64.74256196645214,22.063435239638675
9,9,3,ICM,__joint__,"[""Matern"", 1.5]",64.74185824892749,22.06376878240191
9,9,3,ICM,__joint__,"[""Matern"", 2.5]",64.74283079952937,22.063598274526267
9,9,3,IND,T,"[""RBF"", null]",1.2080584292612344,0.3426828336956525
9,9,3,IND,T,"[""Matern"", 0.5]",1.0737384226104116,0.409326339560689
9,9,3,IND,T,"[""Matern"", 1.5]",1.2193118917104113,0.3612913624023221
9,9,3,IND,T,"[""Matern"", 2.5]",1.1975902449433278,0.3889524302095346
9,9,3,IND,P,"[""RBF"", null]",225.31790469739116,47.04368335269446
9,9,3,IND,P,"[""Matern"", 0.5]",185.15589130398195,56.99887934606922
9,9,3,IND,P,"[""Matern"", 1.5]",178.50420152144858,77.65023890878852
9,9,3,IND,P,"[""Matern"", 2.5]",180.42026043375273,80.18511892307912
9,9,3,IND,TD,"[""RBF"", null]",2.110074452186349,0.4585175924174609
9,9,3,IND,TD,"[""Matern"", 0.5]",1.5661638460175376,0.4249848330781203
9,9,3,IND,TD,"[""Matern"", 1.5]",1.9500533591368736,0.39171563421489936
9,9,3,IND,TD,"[""Matern"", 2.5]",2.011712530150008,0.41348211704992854
9,9,4,ICM,__joint__,"[""RBF"", null]",73.8452202700408,32.20039333240871
9,9,4,ICM,__joint__,"[""Matern"", 0.5]",73.84483443809717,32.20000208701448
9,9,4,ICM,__joint__,"[""Matern"", 1.5]",73.84685512747136,32.201832018703776
9,9,4,ICM,__joint__,"[""Matern"", 2.5]",73.84537441047348,32.20114974035958
9,9,4,IND,T,"[""RBF"", null]",1.3474425360751963,0.31595187650751017
9,9,4,IND,T,"[""Matern"", 0.5]",1.2572986844859586,0.23609348920738565
9,9,4,IND,T,"[""Matern"", 1.5]",1.2127049784281887,0.30501076168927815
9,9,4,IND,T,"[""Matern"", 2.5]",1.1899418542787,0.3567605406055009
9,9,4,IND,P,"[""RBF"", null]",329.4367606199674,66.93078950473392
9,9,4,IND,P,"[""Matern"", 0.5]",200.1229640365437,102.54562939706395
9,9,4,IND,P,"[""Matern"", 1.5]",234.4067991491414,76.85938585210151
9,9,4,IND,P,"[""Matern"", 2.5]",257.93043819293814,99.9412696591432
9,9,4,IND,TD,"[""RBF"", null]",1.9690726456449057,0.6358554872249638
9,9,4,IND,TD,"[""Matern"", 0.5]",1.8223791107635747,0.5445465402630969
9,9,4,IND,TD,"[""Matern"", 1.5]",2.0952050896074277,0.6449439774964052
9,9,4,IND,TD,"[""Matern"", 2.5]",1.8601814564327595,0.7153798953320378
